"y","site","period","fall","water","inexp.obs","rep"
0,1,1,0,0,0,1
0,1,5,0,1,1,1
0,1,6,1,1,0,1
0,1,7,0,1,0,1
0,1,8,1,1,0,1
0,1,13,0,0,0,1
0,1,14,1,0,0,1
0,1,19,0,0,0,1
0,1,21,0,0,0,1
0,1,22,1,1,0,1
0,1,22,1,1,0,2
0,1,23,0,0,0,1
0,1,24,1,1,0,1
0,1,25,0,0,0,1
0,1,26,1,1,0,1
0,1,27,0,0,0,1
0,1,28,1,0,0,1
0,1,29,0,1,0,1
0,1,30,1,1,0,1
0,1,31,0,0,0,1
0,1,32,1,1,0,1
0,1,33,0,0,0,1
0,1,34,1,1,0,1
0,1,35,0,0,0,1
0,1,36,1,0,1,1
0,1,37,0,0,0,1
0,1,39,0,0,1,1
0,1,40,1,1,1,1
0,1,41,0,0,1,1
0,1,42,1,1,1,1
0,2,1,0,0,0,1
0,2,5,0,0,1,1
0,2,6,1,1,0,1
0,2,7,0,1,0,1
0,2,8,1,1,0,1
0,2,13,0,0,0,1
0,2,14,1,1,0,1
0,2,19,0,1,0,1
0,2,21,0,0,0,1
0,2,22,1,1,1,1
0,2,22,1,1,0,2
0,2,23,0,1,0,1
0,2,24,1,1,0,1
0,2,26,1,1,0,1
0,2,27,0,1,0,1
0,2,28,1,0,0,1
0,2,29,0,1,0,1
0,2,30,1,1,0,1
0,2,31,0,0,0,1
0,2,32,1,1,0,1
0,2,33,0,1,0,1
0,2,34,1,1,0,1
0,2,35,0,0,0,1
0,2,36,1,1,1,1
0,2,37,0,0,0,1
0,2,39,0,1,1,1
0,2,42,1,1,1,1
0,3,1,0,1,0,1
0,3,6,1,0.8,0,1
0,3,7,0,1,0,1
0,3,8,1,0.928571428571429,0,1
0,3,13,0,0.25,0,1
0,3,14,1,1,0,1
0,3,19,0,0.75,0,1
0,3,21,0,0.75,0,1
0,3,22,1,1,1,1
0,3,22,1,1,0,2
0,3,23,0,0.75,0,1
0,3,24,1,1,0,1
0,3,25,0,0.75,0,1
0,3,26,1,1,0,1
0,3,27,0,0.75,0,1
0,3,28,1,0.5,0,1
0,3,29,0,1,0,1
0,3,30,1,1,0,1
0,3,31,0,0.666666666666667,0,1
0,3,32,1,1,0,1
0,3,33,0,0.5,0,1
0,3,34,1,0.5,0,1
0,3,35,0,0.5,0,1
0,3,36,1,0.5,1,1
0,3,37,0,0.5,0,1
0,3,39,0,0.5,1,1
0,3,40,1,1,1,1
0,3,41,0,0.5,1,1
0,3,42,1,1,1,1
0,4,6,1,0.9,0,1
0,4,7,0,1,0,1
1,4,8,1,0.910714285714286,0,1
0,4,13,0,0.1,0,1
0,4,14,1,0.9,0,1
0,4,19,0,0.875,0,1
0,4,21,0,0.8,0,1
0,4,22,1,1,0,1
0,4,23,0,0.9,0,1
0,4,24,1,0.875,0,1
0,4,25,0,0.8,0,1
0,4,26,1,0.9,0,1
0,4,27,0,0.9,0,1
0,4,28,1,0.7,0,1
0,4,29,0,0.9,0,1
0,4,30,1,0.9,0,1
0,4,31,0,0.8,0,1
0,4,32,1,0.9,0,1
0,4,33,0,0.9,0,1
0,4,34,1,0.9,0,1
0,4,35,0,0.833333333333333,0,1
0,4,35,0,0.8,0,2
0,4,36,1,0.9,1,1
0,4,37,0,0.9,0,1
0,4,39,0,0.9,1,1
0,4,40,1,1,1,1
0,4,41,0,0.9,1,1
0,4,42,1,1,1,1
0,5,7,0,1,0,1
0,5,8,1,1,0,1
0,5,13,0,1,0,1
0,5,13,0,0,0,2
0,5,14,1,1,0,1
0,5,21,0,1,0,1
0,5,22,1,1,0,1
0,5,23,0,1,0,1
0,5,25,0,1,0,1
0,5,26,1,1,0,1
0,5,27,0,1,0,1
0,5,28,1,1,0,1
0,5,29,0,1,0,1
0,5,30,1,1,0,1
0,5,31,0,1,0,1
0,5,32,1,1,0,1
0,5,34,1,1,0,1
0,5,35,0,1,0,1
0,5,37,0,1,0,1
0,5,37,0,0,0,2
0,5,38,1,1,1,1
0,5,39,0,1,1,1
0,5,40,1,1,1,1
0,5,41,0,1,1,1
0,5,42,1,1,1,1
0,6,7,0,1,0,1
0,6,8,1,0.857142857142857,0,1
0,6,13,0,0.5,0,1
0,6,13,0,0,0,2
0,6,14,1,0.5,0,1
0,6,21,0,0,0,1
0,6,22,1,1,0,1
0,6,23,0,0.5,0,1
0,6,25,0,1,0,1
0,6,26,1,1,0,1
0,6,27,0,0.5,0,1
0,6,28,1,0.5,0,1
0,6,29,0,1,0,1
0,6,30,1,1,0,1
0,6,31,0,0.5,0,1
0,6,32,1,1,0,1
0,6,34,1,1,0,1
0,6,35,0,0.5,0,1
0,6,36,1,0.5,1,1
0,6,37,0,0.5,0,1
0,6,37,0,0.5,0,2
0,6,38,1,1,1,1
0,6,39,0,0.5,1,1
0,6,40,1,1,1,1
0,6,41,0,0.5,1,1
0,6,42,1,1,1,1
0,7,13,0,0,0,1
0,7,13,0,1,0,2
0,7,30,1,1,0,1
0,7,31,0,1,0,1
0,7,32,1,1,0,1
0,7,34,1,1,0,1
0,7,35,0,1,0,1
0,7,36,1,1,1,1
0,7,37,0,1,0,1
0,7,38,1,1,1,1
0,7,39,0,1,1,1
0,7,40,1,1,1,1
0,7,41,0,1,1,1
0,8,13,0,1,0,1
0,8,30,1,1,0,1
0,8,31,0,1,0,1
0,8,32,1,1,0,1
0,8,34,1,1,0,1
0,8,35,0,1,0,1
0,8,36,1,1,1,1
0,8,37,0,0,0,1
0,8,38,1,1,1,1
0,8,39,0,1,1,1
0,8,40,1,1,1,1
0,8,41,0,1,1,1
0,8,42,1,1,1,1
0,9,13,0,1,0,1
0,9,30,1,1,0,1
0,9,31,0,1,0,1
0,9,32,1,1,0,1
0,9,34,1,1,0,1
0,9,35,0,1,0,1
0,9,36,1,0,1,1
0,9,37,0,0,0,1
0,9,38,1,1,1,1
0,9,39,0,1,1,1
0,9,40,1,1,1,1
0,9,41,0,1,1,1
0,9,42,1,1,1,1
1,10,1,0,0.833333333333333,0,1
1,10,6,1,1,0,1
1,10,7,0,1,0,1
1,10,7,0,0.769230769230769,0,2
1,10,9,0,0.769230769230769,0,1
1,10,11,0,1,0,1
1,10,12,1,0.846153846153846,0,1
1,10,13,0,0.461538461538462,0,1
1,10,13,0,0.384615384615385,0,2
1,10,13,0,0.384615384615385,0,3
1,10,14,1,0.833333333333333,0,1
1,10,14,1,0.923076923076923,1,2
1,10,15,0,0.923076923076923,0,1
1,10,16,1,1,0,1
1,10,17,0,1,0,1
1,10,17,0,0.769230769230769,0,2
1,10,18,1,0.846153846153846,0,1
1,10,19,0,0.769230769230769,0,1
1,10,19,0,0.615384615384615,0,2
1,10,21,0,0.333333333333333,0,1
1,10,22,1,1,0,1
1,10,23,0,1,0,1
1,10,23,0,0.923076923076923,0,2
1,10,23,0,1,0,3
1,10,23,0,0.846153846153846,0,4
1,10,23,0,0.75,0,5
1,10,24,1,1,0,1
1,10,24,1,1,0,2
1,10,24,1,1,0,3
1,10,25,0,0.923076923076923,0,1
1,10,26,1,1,0,1
1,10,27,0,1,0,1
1,10,27,0,0.923076923076923,0,2
1,10,28,1,0.833333333333333,0,1
1,10,28,1,0.769230769230769,0,2
1,10,29,0,1,0,1
1,10,30,1,1,0,1
1,10,31,0,0.230769230769231,0,1
1,10,31,0,0.230769230769231,0,2
1,10,32,1,1,0,1
1,10,32,1,1,0,2
1,10,32,1,1,0,3
1,10,33,0,1,0,1
1,10,33,0,0.923076923076923,0,2
1,10,33,0,0.769230769230769,0,3
1,10,34,1,1,1,1
1,10,35,0,1,0,1
1,10,35,0,1,0,2
1,10,35,0,1,0,3
1,10,35,0,0.923076923076923,0,4
1,10,35,0,0.769230769230769,0,5
1,10,35,0,0.769230769230769,0,6
1,10,35,0,0.692307692307692,0,7
1,10,35,0,0.692307692307692,0,8
1,10,35,0,0.923076923076923,0,9
1,10,35,0,0.769230769230769,0,10
1,10,36,1,1,1,1
1,10,36,1,1,0,2
1,10,36,1,1,0,3
1,10,36,1,1,0,4
1,10,36,1,1,0,5
1,10,36,1,0.923076923076923,0,6
1,10,36,1,0.923076923076923,0,7
1,10,36,1,0.923076923076923,0,8
1,10,37,0,0.923076923076923,0,1
1,10,37,0,0.846153846153846,0,2
1,10,37,0,0.692307692307692,1,3
1,10,37,0,0.692307692307692,0,4
1,10,37,0,0.538461538461538,0,5
1,10,37,0,0.538461538461538,0,6
1,10,37,0,0.538461538461538,0,7
1,10,37,0,0.538461538461538,0,8
1,10,37,0,0.461538461538462,0,9
1,10,37,0,1,0,10
1,10,38,1,1,0,1
1,10,38,1,1,0,2
1,10,38,1,1,0,3
1,10,38,1,1,0,4
1,10,38,1,1,1,5
1,10,38,1,1,0,6
1,10,38,1,1,0,7
1,10,39,0,1,0,1
1,10,39,0,0.923076923076923,0,2
1,10,39,0,0.923076923076923,0,3
1,10,39,0,0.923076923076923,1,4
1,10,39,0,0.923076923076923,0,5
1,10,39,0,0.769230769230769,0,6
1,10,39,0,0.692307692307692,0,7
1,10,39,0,0.769230769230769,0,8
1,10,39,0,0.769230769230769,0,9
1,10,39,0,0.769230769230769,0,10
1,10,39,0,0.769230769230769,0,11
1,10,40,1,1,0,1
1,10,40,1,1,0,2
1,10,40,1,1,0,3
1,10,40,1,1,0,4
1,10,40,1,1,1,5
1,10,40,1,1,0,6
1,10,40,1,1,0,7
0,10,41,0,1,0,1
1,10,41,0,1,0,2
1,10,41,0,0.923076923076923,0,3
1,10,42,1,1,1,1
1,10,43,0,1,0,1
1,11,1,0,0.375,0,1
1,11,6,1,1,0,1
1,11,7,0,1,0,1
1,11,7,0,0.75,0,2
1,11,9,0,0.125,0,1
1,11,11,0,1,0,1
1,11,12,1,0.571428571428571,0,1
0,11,13,0,0,0,1
0,11,13,0,0,0,2
0,11,13,0,0,0,3
1,11,14,1,0.833333333333333,0,1
1,11,14,1,0.5,1,2
0,11,15,0,0.625,0,1
1,11,16,1,1,0,1
0,11,17,0,1,0,1
0,11,17,0,0.375,0,2
1,11,18,1,0.25,0,1
0,11,19,0,0.375,0,1
0,11,19,0,0.125,0,2
0,11,21,0,0,0,1
1,11,22,1,1,0,1
0,11,23,0,1,0,1
0,11,23,0,0.625,0,2
1,11,24,1,0.857142857142857,0,1
1,11,24,1,1,0,2
1,11,24,1,1,0,3
1,11,25,0,0.75,0,1
1,11,26,1,1,0,1
1,11,27,0,0.875,0,1
1,11,27,0,0.875,0,2
1,11,28,1,0.25,0,1
0,11,29,0,1,0,1
1,11,30,1,1,0,1
0,11,31,0,0,0,1
0,11,31,0,0,0,2
1,11,32,1,1,0,1
1,11,32,1,1,0,2
1,11,32,1,1,0,3
1,11,33,0,1,0,1
1,11,33,0,0.875,0,2
0,11,33,0,0.5,0,3
1,11,34,1,0.875,1,1
1,11,35,0,1,0,1
1,11,35,0,0.875,0,2
1,11,35,0,0.875,0,3
1,11,35,0,0.875,0,4
1,11,35,0,0.625,0,5
1,11,35,0,0.5,0,6
1,11,35,0,0.25,0,7
1,11,35,0,0.25,0,8
1,11,35,0,0.5,0,9
1,11,35,0,0.5,0,10
1,11,36,1,1,1,1
1,11,36,1,1,0,2
1,11,36,1,1,0,3
1,11,36,1,1,0,4
1,11,36,1,1,0,5
1,11,36,1,0.875,0,6
1,11,36,1,0.875,0,7
1,11,36,1,0.875,0,8
1,11,37,0,0.875,0,1
1,11,37,0,0.5,0,2
0,11,37,0,0.25,1,3
1,11,37,0,0.375,0,4
1,11,37,0,0.125,0,5
1,11,37,0,0.125,0,6
0,11,37,0,0.125,0,7
1,11,37,0,0.125,0,8
0,11,37,0,0.125,0,9
1,11,37,0,0.625,0,10
1,11,38,1,1,0,1
1,11,38,1,1,0,2
1,11,38,1,1,0,3
1,11,38,1,1,0,4
1,11,38,1,1,1,5
1,11,38,1,1,0,6
1,11,38,1,1,0,7
1,11,39,0,1,0,1
1,11,39,0,0.875,0,2
1,11,39,0,0.875,0,3
1,11,39,0,0.875,1,4
1,11,39,0,0.875,0,5
1,11,39,0,0.75,0,6
1,11,39,0,0.5,0,7
1,11,39,0,0.75,0,8
1,11,39,0,0.75,0,9
1,11,39,0,0.625,0,10
1,11,39,0,0.25,0,11
1,11,40,1,1,0,1
1,11,40,1,1,0,2
1,11,40,1,1,0,3
1,11,40,1,1,0,4
0,11,40,1,1,1,5
1,11,40,1,1,0,6
1,11,40,1,1,0,7
0,11,41,0,1,0,1
1,11,41,0,1,0,2
1,11,41,0,0.875,0,3
1,11,42,1,1,1,1
1,11,43,0,1,0,1
1,24,15,0,1,0,1
0,24,17,0,1,0,1
1,24,20,1,1,0,1
0,24,21,0,0,0,1
0,24,23,0,1,0,1
0,24,25,0,0,0,1
0,24,26,1,1,0,1
0,24,27,0,0,0,1
0,24,28,1,0,0,1
0,24,29,0,0,0,1
0,24,30,1,0,0,1
0,24,31,0,0,0,1
0,24,32,1,1,0,1
0,24,33,0,0,0,1
0,24,34,1,0,0,1
0,24,35,0,0,1,1
0,24,36,1,1,0,1
0,24,37,0,0,0,1
0,24,39,0,1,0,1
0,24,40,1,1,1,1
0,24,41,0,1,0,1
1,25,17,0,1,0,1
1,25,20,1,1,0,1
0,25,21,0,1,0,1
0,25,23,0,0,0,1
0,25,25,0,0,0,1
0,25,26,1,1,0,1
0,25,27,0,0,0,1
0,25,28,1,0,0,1
0,25,29,0,0,0,1
0,25,30,1,0,0,1
0,25,31,0,0,0,1
0,25,32,1,0,0,1
0,25,33,0,0,0,1
0,25,34,1,0,0,1
0,25,35,0,0,1,1
0,25,36,1,0,0,1
0,25,37,0,0,0,1
0,25,39,0,0,0,1
0,25,40,1,1,1,1
0,25,41,0,1,0,1
0,26,17,0,0.428571428571429,0,1
1,26,20,1,1,0,1
0,26,21,0,0.833333333333333,0,1
1,26,23,0,0.166666666666667,0,1
0,26,25,0,0.857142857142857,0,1
1,26,26,1,1,0,1
0,26,27,0,0.571428571428571,0,1
0,26,28,1,0.571428571428571,0,1
0,26,29,0,1,0,1
0,26,30,1,1,0,1
0,26,31,0,0.714285714285714,0,1
0,26,32,1,1,0,1
0,26,33,0,0.571428571428571,0,1
0,26,34,1,0.857142857142857,0,1
0,26,35,0,0.571428571428571,1,1
0,26,36,1,1,0,1
0,26,37,0,0.571428571428571,0,1
0,26,39,0,1,0,1
0,26,40,1,1,1,1
0,26,41,0,1,0,1
1,27,15,0,1,0,1
0,27,17,0,1,0,1
0,27,20,1,0.333333333333333,0,1
0,27,21,0,0.666666666666667,0,1
0,27,23,0,0,0,1
0,27,25,0,0.666666666666667,0,1
0,27,26,1,0.666666666666667,0,1
0,27,27,0,0.666666666666667,0,1
0,27,28,1,0,0,1
0,27,29,0,0.666666666666667,0,1
0,27,30,1,0.666666666666667,0,1
0,27,31,0,0.666666666666667,0,1
0,27,32,1,1,0,1
0,27,33,0,0.333333333333333,0,1
0,27,34,1,0.666666666666667,0,1
0,27,35,0,0.333333333333333,1,1
0,27,36,1,1,0,1
0,27,37,0,0,0,1
0,27,39,0,0.666666666666667,0,1
0,27,40,1,1,1,1
0,27,41,0,1,0,1
0,28,15,0,1,0,1
0,28,17,0,1,0,1
0,28,20,1,0.75,0,1
0,28,21,0,1,0,1
0,28,23,0,0,0,1
0,28,25,0,1,0,1
0,28,26,1,1,0,1
0,28,27,0,1,0,1
0,28,28,1,0.5,0,1
0,28,29,0,1,0,1
0,28,30,1,1,0,1
0,28,31,0,1,0,1
0,28,32,1,1,0,1
0,28,33,0,1,0,1
0,28,34,1,1,0,1
0,28,35,0,1,1,1
0,28,36,1,1,0,1
0,28,37,0,1,0,1
0,28,39,0,1,0,1
0,28,40,1,1,1,1
0,28,41,0,1,0,1
0,29,15,0,1,0,1
0,29,20,1,0,0,1
0,29,21,0,0,0,1
0,29,23,0,0,0,1
0,29,25,0,1,0,1
0,29,26,1,1,0,1
0,29,27,0,0,0,1
0,29,28,1,0,0,1
0,29,29,0,1,0,1
0,29,30,1,1,0,1
0,29,31,0,1,0,1
0,29,32,1,1,0,1
0,29,35,0,0,1,1
0,29,39,0,1,0,1
0,30,15,0,1,0,1
0,30,21,0,1,0,1
0,30,23,0,0.5,0,1
0,30,25,0,1,0,1
0,30,26,1,1,0,1
0,30,27,0,1,0,1
0,30,28,1,1,0,1
0,30,29,0,1,0,1
0,30,30,1,1,0,1
0,30,31,0,1,0,1
0,30,32,1,1,0,1
0,30,33,0,1,0,1
0,30,34,1,1,0,1
0,30,35,0,1,1,1
0,30,36,1,1,0,1
0,30,37,0,1,0,1
0,30,39,0,1,0,1
0,30,40,1,1,1,1
0,30,41,0,1,0,1
0,31,15,0,1,0,1
0,31,21,0,0.5,0,1
0,31,23,0,0,0,1
0,31,25,0,1,0,1
0,31,26,1,1,0,1
0,31,27,0,1,0,1
0,31,28,1,0.5,0,1
0,31,29,0,1,0,1
0,31,30,1,1,0,1
0,31,31,0,1,0,1
0,31,32,1,1,0,1
0,31,33,0,0.5,0,1
0,31,34,1,1,0,1
0,31,35,0,1,1,1
0,31,36,1,1,0,1
0,31,37,0,0.5,0,1
0,31,39,0,1,0,1
0,31,40,1,1,1,1
0,31,41,0,1,0,1
1,32,15,0,1,0,1
0,32,21,0,1,0,1
1,32,23,0,0.5,0,1
0,32,25,0,1,0,1
1,32,26,1,1,0,1
0,32,27,0,1,0,1
1,32,28,1,1,0,1
0,32,29,0,1,0,1
0,32,30,1,1,0,1
0,32,31,0,1,0,1
0,32,32,1,1,0,1
0,32,33,0,1,0,1
0,32,34,1,1,0,1
0,32,35,0,1,1,1
0,32,36,1,1,0,1
0,32,37,0,1,0,1
0,32,39,0,1,0,1
0,32,40,1,1,1,1
0,32,41,0,1,0,1
0,39,6,1,1,0,1
1,39,8,1,1,0,1
0,39,13,0,0,0,1
0,39,15,0,0,0,1
0,39,17,0,0,0,1
0,39,18,1,0,0,1
0,39,19,0,0,0,1
0,39,21,0,0,0,1
0,39,22,1,1,0,1
0,39,23,0,1,0,1
1,39,26,1,1,0,1
1,39,27,0,1,0,1
1,39,28,1,1,0,1
1,39,28,1,1,0,2
0,39,29,0,1,0,1
0,39,30,1,1,0,1
0,39,30,1,0,1,2
0,39,31,0,1,0,1
0,39,32,1,1,0,1
0,39,33,0,1,0,1
0,39,34,1,1,0,1
0,39,35,0,1,0,1
0,39,36,1,1,0,1
0,39,37,0,1,1,1
0,39,38,1,1,0,1
0,39,39,0,1,0,1
0,39,40,1,1,1,1
0,39,41,0,1,1,1
0,39,42,1,1,1,1
0,39,43,0,1,1,1
0,40,6,1,0.5,0,1
0,40,8,1,0.5,0,1
0,40,13,0,0,0,1
0,40,15,0,0,0,1
0,40,17,0,0,0,1
0,40,18,1,0,0,1
0,40,19,0,0,0,1
0,40,21,0,0,0,1
0,40,22,1,1,0,1
0,40,23,0,0,0,1
0,40,26,1,0.5,0,1
0,40,27,0,0,0,1
0,40,28,1,0,0,1
0,40,28,1,0,0,2
0,40,29,0,0.5,0,1
0,40,30,1,1,0,1
0,40,30,1,1,1,2
0,40,31,0,0,0,1
0,40,32,1,1,0,1
0,40,33,0,0,0,1
0,40,34,1,0,0,1
0,40,35,0,0,0,1
0,40,36,1,0,0,1
0,40,37,0,0,1,1
0,40,38,1,1,0,1
0,40,39,0,0,0,1
0,40,40,1,1,1,1
0,40,41,0,0,1,1
0,40,42,1,1,1,1
0,40,43,0,0,1,1
0,41,6,1,1,0,1
0,41,8,1,0,0,1
0,41,13,0,0,0,1
0,41,15,0,0,0,1
0,41,17,0,0,0,1
0,41,18,1,0,0,1
0,41,19,0,0,0,1
0,41,21,0,0,0,1
0,41,22,1,1,0,1
0,41,23,0,1,0,1
0,41,26,1,1,0,1
0,41,27,0,1,0,1
0,41,28,1,0,0,1
0,41,28,1,0,0,2
0,41,29,0,1,0,1
0,41,30,1,1,0,1
0,41,30,1,1,1,2
0,41,31,0,1,0,1
0,41,32,1,1,0,1
0,41,33,0,0,0,1
0,41,34,1,0,0,1
0,41,35,0,0,0,1
0,41,36,1,0,0,1
0,41,37,0,0,1,1
0,41,38,1,1,0,1
0,41,39,0,0,0,1
0,41,40,1,1,1,1
0,41,41,0,0,1,1
0,41,42,1,1,1,1
0,41,43,0,0,1,1
0,42,6,1,0.5,0,1
0,42,8,1,0,0,1
0,42,15,0,0,0,1
0,42,18,1,0,0,1
0,42,19,0,0,0,1
0,42,21,0,0,0,1
0,42,22,1,1,0,1
0,42,23,0,0.666666666666667,0,1
0,42,26,1,1,0,1
0,42,27,0,0.666666666666667,0,1
0,42,28,1,0.333333333333333,0,1
0,42,28,1,0.333333333333333,0,2
0,42,29,0,1,0,1
0,42,30,1,1,0,1
0,42,30,1,0.666666666666667,1,2
0,42,31,0,0,0,1
0,42,32,1,1,0,1
0,42,33,0,0.5,0,1
0,42,34,1,1,0,1
0,42,35,0,0,0,1
0,42,36,1,1,0,1
0,42,37,0,0,1,1
0,42,38,1,1,0,1
0,42,39,0,0.666666666666667,0,1
0,42,40,1,1,1,1
0,42,41,0,0.666666666666667,1,1
0,42,42,1,1,1,1
0,42,43,0,0,1,1
0,33,2,1,1,0,1
0,33,7,0,0.5,0,1
0,33,7,0,0.5,0,2
0,33,7,0,0,0,3
0,33,7,0,1,0,4
0,33,7,0,1,0,5
0,33,8,1,0.5,0,1
1,33,8,1,0.5,0,2
0,33,8,1,0,0,3
0,33,9,0,1,1,1
0,33,10,1,0.558823529411765,1,1
0,33,10,1,1,1,2
0,33,10,1,1,1,3
1,33,11,0,0.5,1,1
0,33,11,0,0,1,2
0,33,11,0,0,1,3
0,33,11,0,0,1,4
0,33,12,1,0,1,1
0,33,12,1,0,1,2
0,33,13,0,0,0,1
0,33,13,0,0,0,2
0,33,13,0,0,0,3
0,33,14,1,0,0,1
0,33,14,1,0,0,2
0,33,15,0,0,0,1
0,33,16,1,0,0,1
0,33,17,0,0,0,1
0,33,17,0,0,0,2
0,33,18,1,0,0,1
0,33,19,0,0.5,0,1
0,33,19,0,0,0,2
0,33,21,0,0,0,1
0,33,21,0,0,0,2
0,33,23,0,0,0,1
0,33,24,1,1,0,1
0,33,25,0,0,0,1
0,33,25,0,0,0,2
0,33,26,1,1,0,1
0,33,27,0,0,0,1
0,33,27,0,0,0,2
0,33,27,0,0,0,3
0,33,28,1,0,0,1
0,33,29,0,0,0,1
0,33,29,0,0,1,2
0,33,29,0,0,0,3
0,33,30,1,0,0,1
0,33,30,1,0,0,2
0,33,31,0,0,0,1
0,33,31,0,0,0,2
0,33,32,1,1,0,1
0,33,33,0,0,1,1
0,33,34,1,1,0,1
0,33,34,1,0.5,1,2
0,33,34,1,0,0,3
0,33,35,0,0,0,1
0,33,35,0,0,0,2
0,33,35,0,0,0,3
0,33,35,0,0,0,4
0,33,35,0,0,0,5
0,33,35,0,0,0,6
0,33,35,0,0,0,7
0,33,35,0,0.5,0,8
0,33,35,0,0,0,9
0,33,35,0,0.5,0,10
0,33,36,1,0.5,1,1
0,33,36,1,0,0,2
0,33,37,0,0,1,1
0,33,38,1,1,0,1
0,33,39,0,0,1,1
0,33,40,1,1,1,1
0,33,41,0,0,1,1
0,33,42,1,1,1,1
0,33,43,0,0,1,1
0,34,2,1,1,0,1
1,34,7,0,1,0,1
0,34,7,0,0,0,2
0,34,7,0,0,0,3
1,34,7,0,1,0,4
0,34,7,0,1,0,5
1,34,8,1,0.5,0,1
0,34,8,1,0,0,2
0,34,8,1,0,0,3
0,34,9,0,1,1,1
0,34,10,1,0.647058823529412,1,1
0,34,10,1,1,1,2
0,34,10,1,1,1,3
1,34,11,0,1,1,1
0,34,11,0,0.5,1,2
0,34,11,0,0,1,3
0,34,11,0,0,1,4
0,34,11,0,0.5,1,5
0,34,12,1,0,1,1
0,34,12,1,0,1,2
0,34,13,0,0,0,1
0,34,13,0,0,0,2
0,34,13,0,0,0,3
0,34,14,1,0.5,0,1
0,34,14,1,0,0,2
0,34,15,0,0,0,1
0,34,16,1,1,0,1
0,34,17,0,0,0,1
0,34,17,0,0,0,2
0,34,18,1,0,0,1
0,34,19,0,0,0,1
0,34,19,0,0,0,2
0,34,21,0,0,0,1
0,34,21,0,0,0,2
0,34,23,0,0,0,1
0,34,24,1,0,0,1
0,34,25,0,0,0,1
0,34,25,0,0,0,2
0,34,26,1,1,0,1
0,34,27,0,0,0,1
0,34,27,0,0,0,2
0,34,27,0,0,0,3
0,34,28,1,0,0,1
0,34,29,0,1,0,1
0,34,29,0,0.5,1,2
0,34,29,0,0.5,0,3
0,34,30,1,0,0,1
0,34,30,1,0,0,2
0,34,31,0,0,0,1
0,34,31,0,0,0,2
0,34,32,1,1,0,1
0,34,33,0,0,1,1
0,34,34,1,1,0,1
0,34,34,1,1,1,2
0,34,34,1,0,0,3
0,34,35,0,0,0,1
0,34,35,0,0,0,2
0,34,35,0,0,0,3
0,34,35,0,0,0,4
0,34,35,0,0,0,5
0,34,35,0,0.5,0,6
0,34,35,0,0,0,7
0,34,35,0,0.5,0,8
0,34,35,0,0.5,0,9
0,34,35,0,0.5,0,10
0,34,36,1,1,1,1
0,34,36,1,0,0,2
0,34,37,0,0,1,1
0,34,38,1,1,0,1
0,34,39,0,0.5,1,1
0,34,40,1,1,1,1
0,34,41,0,1,1,1
0,34,42,1,1,1,1
0,34,43,0,0,1,1
1,35,1,0,0.454545454545455,0,1
1,35,1,0,0.8,0,2
1,35,2,1,1,0,1
1,35,3,0,0.466666666666667,0,1
1,35,5,0,1,0,1
1,35,5,0,0.75,0,2
1,35,7,0,0.8125,0,1
1,35,7,0,0.5,0,2
1,35,7,0,0.5,0,3
1,35,7,0,1,0,4
1,35,7,0,1,0,5
1,35,8,1,1,0,1
1,35,8,1,0.5625,0,2
1,35,8,1,0.6,0,3
1,35,9,0,0.9375,1,1
1,35,10,1,0.5,1,1
0,35,10,1,1,1,2
0,35,10,1,1,1,3
1,35,11,0,0.625,1,1
0,35,11,0,0.533333333333333,1,2
0,35,11,0,0.2,1,3
1,35,11,0,0.25,1,4
0,35,11,0,0.8125,1,5
1,35,12,1,0.1875,1,1
1,35,12,1,0.214285714285714,1,2
0,35,13,0,0.0714285714285714,0,1
1,35,13,0,0,1,2
0,35,13,0,0,0,3
0,35,13,0,0.0625,0,4
0,35,14,1,0.6,0,1
0,35,14,1,0.333333333333333,0,2
0,35,15,0,0.133333333333333,0,1
0,35,16,1,0.9375,0,1
0,35,17,0,0,0,1
0,35,17,0,0.125,0,2
0,35,18,1,0.133333333333333,0,1
0,35,19,0,0.357142857142857,0,1
0,35,19,0,0.125,0,2
0,35,21,0,0.125,0,1
0,35,21,0,0,0,2
0,35,23,0,0.25,0,1
0,35,24,1,1,0,1
1,35,24,1,0.5625,0,2
1,35,25,0,0.3125,0,1
1,35,25,0,0.5625,0,2
1,35,26,1,1,0,1
1,35,27,0,0.4375,0,1
1,35,27,0,0.4375,0,2
1,35,27,0,0.375,0,3
1,35,28,1,0.375,0,1
1,35,29,0,0.6875,0,1
1,35,29,0,0.4,1,2
1,35,29,0,0.4,0,3
1,35,30,1,0.875,0,1
1,35,30,1,0.5,0,2
1,35,31,0,0.5,0,1
0,35,31,0,0.125,0,2
0,35,32,1,0.8125,0,1
0,35,33,0,0.3125,1,1
0,35,34,1,0.9375,0,1
0,35,34,1,0.875,1,2
0,35,34,1,0.625,0,3
0,35,35,0,0.375,0,1
0,35,35,0,0.3125,0,2
0,35,35,0,0.25,0,3
0,35,35,0,0.3125,0,4
0,35,35,0,0.25,0,5
0,35,35,0,0.375,0,6
0,35,35,0,0.3125,0,7
0,35,35,0,0.75,0,8
0,35,35,0,0.6875,0,9
0,35,35,0,0.75,0,10
0,35,36,1,0.75,1,1
0,35,36,1,0.625,0,2
0,35,37,0,0.3125,1,1
0,35,38,1,1,0,1
0,35,39,0,0.6875,1,1
0,35,40,1,1,1,1
0,35,41,0,1,1,1
0,35,42,1,1,1,1
0,35,43,0,0.5625,1,1
1,36,1,0,0.666666666666667,0,1
0,36,1,0,1,0,2
1,36,2,1,1,0,1
0,36,3,0,0.4,0,1
0,36,5,0,0.6,0,1
0,36,7,0,0.6,0,1
1,36,7,0,0.6,0,2
1,36,7,0,0.4,0,3
0,36,7,0,1,0,4
0,36,7,0,1,0,5
1,36,8,1,1,0,1
1,36,8,1,0.8,0,2
1,36,8,1,1,0,3
1,36,9,0,1,1,1
0,36,10,1,1,1,1
0,36,10,1,1,1,2
0,36,11,0,0.5,1,1
0,36,11,0,0.8,1,2
1,36,11,0,1,1,3
1,36,11,0,1,1,4
1,36,11,0,0.4,1,5
0,36,11,0,0.8,1,6
1,36,12,1,0.4,1,1
1,36,12,1,0.4,1,2
1,36,13,0,0,0,1
1,36,13,0,0,0,2
0,36,13,0,0,0,3
0,36,14,1,0.6,0,1
0,36,14,1,0.5,0,2
0,36,15,0,0.4,0,1
0,36,16,1,1,0,1
0,36,17,0,0,0,1
0,36,17,0,0.2,0,2
0,36,18,1,0.6,0,1
0,36,19,0,0.333333333333333,0,1
0,36,19,0,0,0,2
0,36,21,0,0.2,0,1
0,36,21,0,0,0,2
0,36,23,0,0.6,0,1
1,36,24,1,0.8,0,1
1,36,24,1,0.6,0,2
1,36,25,0,0.4,0,1
0,36,25,0,0.8,0,2
1,36,26,1,1,0,1
1,36,27,0,0.8,0,1
1,36,27,0,0.8,0,2
1,36,27,0,0.75,0,3
1,36,28,1,0.6,0,1
1,36,29,0,1,0,1
0,36,29,0,0.5,1,2
0,36,29,0,0.5,0,3
1,36,30,1,0.8,0,1
1,36,30,1,1,0,2
1,36,31,0,0.8,0,1
0,36,31,0,0.4,0,2
1,36,32,1,0.8,0,1
0,36,33,0,0.8,1,1
0,36,34,1,1,0,1
0,36,34,1,0.8,1,2
0,36,34,1,0.8,0,3
0,36,35,0,0.8,0,1
0,36,35,0,0.6,0,2
0,36,35,0,0.4,0,3
0,36,35,0,0.4,0,4
0,36,35,0,0.4,0,5
0,36,35,0,0.6,0,6
0,36,35,0,0.4,0,7
0,36,35,0,1,0,8
0,36,35,0,0.8,0,9
0,36,35,0,1,0,10
0,36,36,1,0.8,1,1
0,36,36,1,0.8,0,2
0,36,37,0,0.4,1,1
0,36,38,1,1,0,1
0,36,39,0,0.8,1,1
0,36,40,1,1,1,1
0,36,41,0,0.8,1,1
0,36,42,1,1,1,1
0,36,43,0,0.8,1,1
0,37,1,0,0,0,1
0,37,1,0,1,0,2
0,37,2,1,1,0,1
0,37,3,0,1,0,1
0,37,5,0,1,0,1
0,37,5,0,1,0,2
1,37,7,0,1,0,1
1,37,7,0,1,0,2
0,37,7,0,0,0,3
1,37,7,0,1,0,4
0,37,7,0,1,0,5
0,37,8,1,0,0,1
0,37,8,1,0,0,2
0,37,8,1,0,0,3
0,37,9,0,0,1,1
0,37,10,1,1,1,1
0,37,10,1,1,1,2
0,37,11,0,1,1,1
0,37,11,0,1,1,2
0,37,11,0,1,1,3
0,37,11,0,1,1,4
0,37,11,0,1,1,5
0,37,11,0,0,1,6
0,37,11,0,0,1,7
0,37,11,0,1,1,8
0,37,12,1,0,1,1
0,37,13,0,0,1,1
0,37,13,0,0,0,2
0,37,13,0,0,0,3
0,37,14,1,0,0,1
0,37,14,1,0,0,2
0,37,15,0,1,0,1
0,37,16,1,1,0,1
0,37,17,0,0,0,1
0,37,17,0,0,0,2
0,37,18,1,0,0,1
0,37,19,0,1,0,1
0,37,19,0,0,0,2
0,37,21,0,0,0,1
0,37,21,0,0,0,2
0,37,23,0,0,0,1
0,37,24,1,1,0,1
0,37,24,1,1,0,2
0,37,25,0,1,0,1
0,37,25,0,0,0,2
1,37,26,1,1,0,1
0,37,27,0,1,0,1
0,37,27,0,1,0,2
0,37,27,0,0,0,3
0,37,28,1,0,0,1
0,37,29,0,1,0,1
0,37,29,0,0,1,2
0,37,29,0,0,0,3
0,37,30,1,1,0,1
0,37,30,1,0,0,2
0,37,31,0,0,0,1
0,37,32,1,1,0,1
0,37,33,0,0,1,1
0,37,34,1,1,0,1
0,37,34,1,1,1,2
0,37,34,1,0,0,3
0,37,35,0,0,0,1
0,37,35,0,0,0,2
0,37,35,0,0,0,3
0,37,35,0,0,0,4
0,37,35,0,0,0,5
0,37,35,0,0,0,6
0,37,35,0,0,0,7
0,37,35,0,1,0,8
0,37,35,0,1,0,9
0,37,35,0,1,0,10
0,37,36,1,1,1,1
0,37,36,1,0,0,2
0,37,37,0,0,1,1
0,37,38,1,1,0,1
0,37,39,0,0,1,1
0,37,40,1,1,1,1
0,37,41,0,1,1,1
0,37,43,0,1,1,1
0,38,2,1,0,0,1
0,38,3,0,1,0,1
0,38,5,0,1,0,1
0,38,5,0,1,0,2
1,38,7,0,1,0,1
0,38,7,0,1,0,2
0,38,7,0,1,0,3
1,38,7,0,1,0,4
1,38,7,0,1,0,5
1,38,8,1,0,0,1
1,38,8,1,0,0,2
0,38,9,0,0,1,1
0,38,10,1,1,1,1
0,38,10,1,1,1,2
0,38,11,0,1,1,1
0,38,11,0,1,1,2
0,38,11,0,1,1,3
0,38,11,0,0,1,4
0,38,11,0,0,1,5
0,38,11,0,0,1,6
0,38,12,1,0,1,1
0,38,13,0,0,1,1
0,38,13,0,0,0,2
0,38,13,0,0,0,3
0,38,14,1,1,0,1
0,38,14,1,1,0,2
0,38,15,0,0,0,1
0,38,16,1,1,0,1
0,38,17,0,0,0,1
0,38,17,0,0,0,2
0,38,18,1,0,0,1
0,38,19,0,1,0,1
0,38,19,0,0,0,2
0,38,21,0,0,0,1
0,38,21,0,0,0,2
0,38,23,0,0,0,1
0,38,24,1,1,0,1
0,38,24,1,1,0,2
0,38,25,0,1,0,1
0,38,25,0,0,0,2
1,38,26,1,1,0,1
1,38,27,0,1,0,1
1,38,27,0,1,0,2
0,38,27,0,0,0,3
0,38,28,1,0,0,1
0,38,29,0,1,0,1
0,38,29,0,0,1,2
0,38,29,0,0,0,3
0,38,30,1,1,0,1
1,38,30,1,1,0,2
0,38,31,0,0,0,1
0,38,32,1,1,0,1
0,38,33,0,0,1,1
0,38,34,1,1,0,1
0,38,34,1,1,1,2
0,38,34,1,1,0,3
0,38,35,0,1,0,1
0,38,35,0,1,0,2
0,38,35,0,0,0,3
0,38,35,0,0,0,4
0,38,35,0,0,0,5
0,38,35,0,0,0,6
0,38,35,0,0,0,7
0,38,35,0,1,0,8
0,38,35,0,1,0,9
0,38,35,0,1,0,10
0,38,36,1,0,1,1
0,38,36,1,0,0,2
0,38,37,0,0,1,1
0,38,38,1,1,0,1
0,38,39,0,1,1,1
0,38,40,1,1,1,1
0,38,41,0,1,1,1
0,38,43,0,1,1,1
0,12,5,0,1,0,1
1,12,8,1,1,0,1
1,12,9,0,0.75,0,1
0,12,10,1,1,0,1
1,12,13,0,1,0,1
1,12,13,0,1,0,2
0,12,15,0,1,0,1
0,12,15,0,1,0,2
0,12,18,1,1,0,1
0,12,19,0,1,0,1
0,12,23,0,1,0,1
1,12,24,1,1,0,1
0,12,25,0,1,0,1
1,12,26,1,1,0,1
1,12,26,1,1,0,2
1,12,27,0,1,0,1
1,12,28,1,1,0,1
0,12,29,0,1,0,1
1,12,30,1,1,0,1
0,12,31,0,0.75,0,1
1,12,32,1,1,0,1
1,12,32,1,1,0,2
1,12,33,0,1,0,1
1,12,34,1,1,0,1
1,12,35,0,1,0,1
1,12,36,1,1,0,1
1,12,37,0,1,0,1
1,12,37,0,1,0,2
1,12,37,0,1,1,3
1,12,37,0,1,0,4
1,12,37,0,0.75,0,5
0,12,37,0,0.75,0,6
1,12,37,0,0.5,0,7
1,12,37,0,1,0,8
1,12,37,0,1,0,9
1,12,38,1,1,0,1
1,12,38,1,1,0,2
1,12,38,1,1,0,3
1,12,39,0,1,0,1
1,12,39,0,1,0,2
0,12,39,0,1,0,3
0,12,39,0,1,0,4
0,12,39,0,1,1,5
0,12,39,0,1,0,6
1,12,39,0,1,0,7
0,12,39,0,1,0,8
1,12,39,0,1,0,9
1,12,39,0,1,0,10
1,12,39,0,1,0,11
0,12,40,1,1,0,1
0,12,40,1,1,0,2
0,12,40,1,1,0,3
0,12,40,1,1,1,4
0,12,40,1,1,0,5
1,12,42,1,1,1,1
1,12,43,0,1,1,1
0,13,5,0,1,0,1
1,13,9,0,1,0,1
0,13,13,0,1,0,1
0,13,13,0,1,0,2
0,13,15,0,1,0,1
0,13,18,1,0,0,1
0,13,19,0,1,0,1
0,13,23,0,1,0,1
1,13,24,1,1,0,1
0,13,25,0,1,0,1
1,13,26,1,1,0,1
1,13,26,1,1,0,2
1,13,27,0,1,0,1
1,13,28,1,1,0,1
0,13,29,0,1,0,1
1,13,30,1,1,0,1
0,13,31,0,0,0,1
1,13,32,1,1,0,1
1,13,32,1,1,0,2
0,13,33,0,1,0,1
0,13,34,1,1,0,1
1,13,35,0,1,0,1
0,13,36,1,1,0,1
0,13,37,0,1,0,1
0,13,37,0,1,0,2
0,13,37,0,1,1,3
0,13,37,0,1,0,4
0,13,37,0,1,0,5
0,13,37,0,0,0,6
0,13,37,0,0,0,7
0,13,37,0,0,0,8
0,13,37,0,1,0,9
1,13,38,1,1,0,1
0,13,38,1,1,0,2
0,13,38,1,1,0,3
0,13,39,0,1,0,1
1,13,39,0,1,0,2
1,13,39,0,1,0,3
1,13,39,0,1,0,4
1,13,39,0,1,1,5
0,13,39,0,1,0,6
1,13,39,0,1,0,7
0,13,39,0,1,0,8
0,13,39,0,1,0,9
0,13,39,0,1,0,10
0,13,39,0,1,0,11
0,13,40,1,1,0,1
1,13,40,1,1,0,2
0,13,40,1,1,0,3
0,13,40,1,1,1,4
0,13,40,1,1,0,5
1,13,42,1,1,1,1
1,13,43,0,1,1,1
0,14,13,0,1,0,1
0,14,15,0,1,0,1
0,14,18,1,1,0,1
0,14,23,0,1,0,1
0,14,24,1,1,0,1
0,14,25,0,1,0,1
1,14,26,1,1,0,1
1,14,27,0,1,0,1
1,14,28,1,1,0,1
0,14,29,0,1,0,1
1,14,30,1,1,0,1
0,14,31,0,0.25,0,1
1,14,32,1,1,0,1
1,14,32,1,1,0,2
1,14,33,0,0.75,0,1
1,14,34,1,1,0,1
1,14,35,0,1,0,1
1,14,36,1,1,0,1
0,14,37,0,0.75,0,1
0,14,37,0,0.5,0,2
0,14,37,0,0.25,1,3
0,14,37,0,0.25,0,4
0,14,37,0,0.25,0,5
0,14,37,0,0.25,0,6
0,14,37,0,0.25,0,7
0,14,37,0,0.75,0,8
0,14,37,0,1,0,9
1,14,38,1,1,0,1
1,14,38,1,1,0,2
1,14,38,1,1,0,3
0,14,39,0,1,0,1
0,14,39,0,1,0,2
0,14,39,0,1,0,3
0,14,39,0,1,0,4
1,14,39,0,1,1,5
0,14,39,0,1,0,6
1,14,39,0,1,0,7
1,14,39,0,1,0,8
1,14,39,0,1,0,9
1,14,39,0,1,0,10
1,14,39,0,1,0,11
1,14,40,1,1,0,1
1,14,40,1,1,0,2
0,14,40,1,1,0,3
0,14,40,1,1,1,4
1,14,40,1,1,0,5
1,14,42,1,1,1,1
0,15,15,0,1,0,1
0,15,18,1,0.8,0,1
0,15,23,0,1,0,1
1,15,24,1,1,0,1
0,15,25,0,1,0,1
1,15,26,1,1,0,1
1,15,27,0,1,0,1
1,15,28,1,1,0,1
0,15,29,0,1,0,1
1,15,30,1,1,0,1
0,15,31,0,0,0,1
1,15,32,1,1,0,1
1,15,32,1,1,0,2
0,15,33,0,1,0,1
0,15,34,1,1,0,1
0,15,35,0,1,0,1
0,15,36,1,1,0,1
0,15,37,0,1,0,1
0,15,37,0,1,0,2
0,15,37,0,0.8,1,3
0,15,37,0,0.25,0,4
0,15,37,0,0.25,0,5
0,15,37,0,0,0,6
0,15,37,0,0,0,7
0,15,37,0,0.75,0,8
0,15,37,0,1,0,9
0,15,38,1,1,0,1
0,15,38,1,1,0,2
0,15,38,1,1,0,3
1,15,39,0,1,0,1
0,15,39,0,1,0,2
0,15,39,0,1,0,3
0,15,39,0,1,0,4
0,15,39,0,1,1,5
0,15,39,0,1,0,6
0,15,39,0,1,0,7
0,15,39,0,1,0,8
0,15,39,0,1,0,9
0,15,39,0,1,0,10
1,15,39,0,1,0,11
0,15,40,1,1,0,1
0,15,40,1,1,0,2
0,15,40,1,1,0,3
0,15,40,1,1,1,4
0,15,40,1,1,0,5
0,15,42,1,1,1,1
1,16,15,0,1,0,1
1,16,17,0,1,0,1
1,16,18,1,1,0,1
1,16,19,0,0.75,0,1
0,16,23,0,1,0,1
0,16,24,1,1,0,1
0,16,25,0,1,0,1
1,16,26,1,1,0,1
0,16,27,0,1,0,1
1,16,28,1,1,0,1
0,16,29,0,1,0,1
1,16,30,1,0.75,1,1
1,16,32,1,1,0,1
1,16,32,1,1,0,2
0,16,33,0,0.75,0,1
1,16,34,1,1,0,1
0,16,35,0,1,0,1
1,16,36,1,1,0,1
0,16,37,0,0.25,1,1
0,16,39,0,1,1,1
0,16,40,1,1,1,1
1,16,42,1,1,1,1
1,22,9,0,1,0,1
1,22,13,0,1,0,1
1,22,14,1,1,0,1
1,22,15,0,1,0,1
1,22,16,1,0.625,0,1
1,22,17,0,0.75,0,1
1,22,18,1,1,0,1
1,22,20,1,0.625,0,1
1,22,23,0,0.75,0,1
1,22,24,1,0.875,0,1
1,22,25,0,0.625,0,1
1,22,26,1,1,0,1
1,22,27,0,1,0,1
1,22,27,0,1,0,2
1,22,28,1,0.875,1,1
1,22,29,0,1,0,1
1,22,29,0,0.75,0,2
1,22,30,1,1,0,1
0,22,31,0,0.5,0,1
1,22,32,1,1,0,1
0,22,33,0,0.75,0,1
1,22,34,1,1,0,1
0,22,35,0,0.5,1,1
1,22,36,1,1,1,1
0,22,37,0,0.75,0,1
1,22,37,0,0.625,0,2
1,22,37,0,0.5,1,3
1,22,37,0,0.5,0,4
1,22,37,0,0.375,0,5
1,22,37,0,0.375,0,6
1,22,37,0,0.375,0,7
1,22,37,0,0.375,0,8
1,22,37,0,0.75,0,9
0,22,38,1,1,0,1
0,22,38,1,1,0,2
1,22,38,1,1,0,3
1,22,38,1,1,1,4
1,22,39,0,1,0,1
1,22,39,0,1,0,2
0,22,39,0,1,0,3
0,22,39,0,1,1,4
1,22,39,0,0.875,0,5
1,22,39,0,0.875,0,6
1,22,39,0,1,0,7
1,22,39,0,0.875,0,8
1,22,39,0,0.875,0,9
1,22,39,0,0.875,0,10
1,22,39,0,0.875,0,11
1,22,39,0,0.875,0,12
1,22,39,0,0.875,0,13
1,22,40,1,1,0,1
1,22,40,1,1,0,2
1,22,40,1,1,0,3
1,22,40,1,1,0,4
1,22,41,0,0.875,1,1
1,22,42,1,1,1,1
1,22,43,0,1,0,1
1,23,13,0,0.5,0,1
1,23,15,0,1,0,1
1,23,16,1,0.9,0,1
1,23,17,0,1,0,1
1,23,18,1,1,0,1
1,23,20,1,1,0,1
1,23,23,0,1,0,1
1,23,24,1,1,0,1
1,23,25,0,1,0,1
1,23,26,1,1,0,1
1,23,27,0,1,0,1
1,23,27,0,1,0,2
1,23,28,1,1,1,1
0,23,29,0,1,0,1
1,23,29,0,1,0,2
1,23,30,1,1,0,1
1,23,31,0,0.6,0,1
1,23,32,1,1,0,1
1,23,33,0,0.7,0,1
1,23,34,1,1,0,1
1,23,35,0,0.7,1,1
1,23,36,1,1,1,1
1,23,37,0,1,0,1
0,23,37,0,0.8,0,2
0,23,37,0,0.7,1,3
0,23,37,0,0.6,0,4
0,23,37,0,0.4,0,5
0,23,37,0,0.4,0,6
0,23,37,0,0.4,0,7
1,23,37,0,0.3,0,8
1,23,37,0,1,0,9
1,23,38,1,1,0,1
1,23,38,1,1,0,2
1,23,38,1,1,0,3
1,23,38,1,1,1,4
1,23,39,0,1,0,1
1,23,39,0,1,0,2
1,23,39,0,1,0,3
1,23,39,0,1,1,4
1,23,39,0,1,0,5
1,23,39,0,1,0,6
1,23,39,0,1,0,7
1,23,39,0,1,0,8
0,23,39,0,1,0,9
1,23,39,0,1,0,10
1,23,39,0,1,0,11
1,23,39,0,1,0,12
1,23,39,0,1,0,13
1,23,40,1,1,0,1
1,23,40,1,1,0,2
1,23,40,1,1,0,3
1,23,40,1,1,0,4
1,23,41,0,0.9,1,1
0,23,42,1,1,1,1
1,23,43,0,1,0,1
1,17,1,0,1,0,1
1,17,9,0,1,0,1
1,17,13,0,1,0,1
1,17,14,1,1,0,1
1,17,15,0,1,0,1
1,17,17,0,1,0,1
1,17,20,1,1,0,1
0,17,23,0,1,0,1
1,17,24,1,1,0,1
1,17,25,0,1,0,1
1,17,26,1,1,0,1
1,17,27,0,1,0,1
1,17,28,1,1,0,1
1,17,29,0,1,0,1
1,17,30,1,1,0,1
0,17,31,0,1,0,1
1,17,32,1,1,0,1
1,17,33,0,1,0,1
0,17,34,1,1,0,1
0,17,35,0,1,1,1
0,17,36,1,1,0,1
0,17,37,0,1,1,1
0,17,38,1,1,1,1
1,17,38,1,1,0,2
1,17,39,0,1,0,1
0,17,40,1,1,1,1
0,17,41,0,1,1,1
1,17,42,1,1,1,1
1,17,43,0,1,1,1
0,18,1,0,1,0,1
0,18,9,0,0,0,1
0,18,13,0,0,0,1
0,18,14,1,1,0,1
0,18,15,0,0,0,1
0,18,20,1,0,0,1
0,18,23,0,0,0,1
0,18,24,1,1,0,1
1,18,25,0,1,0,1
1,18,26,1,1,0,1
0,18,27,0,1,0,1
1,18,30,1,1,0,1
0,18,31,0,0,0,1
0,18,32,1,1,0,1
0,18,33,0,0,0,1
0,18,34,1,1,0,1
0,18,35,0,0,1,1
0,18,36,1,1,0,1
0,18,37,0,0,1,1
0,18,38,1,1,1,1
0,18,38,1,1,0,2
0,18,39,0,1,0,1
0,18,40,1,1,1,1
0,18,41,0,1,1,1
0,18,42,1,1,1,1
1,18,43,0,1,1,1
1,19,1,0,1,0,1
1,19,4,1,1,0,1
1,19,9,0,0.333333333333333,0,1
0,19,13,0,0.333333333333333,0,1
1,19,14,1,1,0,1
1,19,15,0,0.333333333333333,0,1
0,19,20,1,0.333333333333333,0,1
1,19,23,0,0.666666666666667,0,1
1,19,24,1,1,0,1
1,19,25,0,1,0,1
1,19,26,1,1,0,1
1,19,27,0,1,0,1
0,19,28,1,0,0,1
0,19,29,0,1,0,1
1,19,30,1,1,0,1
0,19,31,0,0.333333333333333,0,1
1,19,32,1,1,0,1
1,19,33,0,0.666666666666667,0,1
1,19,34,1,1,0,1
1,19,35,0,1,1,1
1,19,36,1,1,0,1
0,19,37,0,0.333333333333333,1,1
0,19,38,1,1,1,1
1,19,38,1,1,0,2
0,19,39,0,1,0,1
0,19,40,1,1,1,1
0,19,41,0,1,1,1
0,19,42,1,1,1,1
1,19,43,0,1,1,1
1,20,1,0,1,0,1
0,20,4,1,1,0,1
0,20,8,1,1,0,1
0,20,13,0,1,0,1
0,20,23,0,1,0,1
0,20,25,0,1,0,1
1,20,26,1,1,0,1
1,20,27,0,1,0,1
1,20,28,1,1,0,1
1,20,29,0,1,0,1
1,20,30,1,1,0,1
1,20,31,0,0.8,0,1
1,20,32,1,1,0,1
1,20,33,0,1,0,1
1,20,34,1,1,0,1
0,20,35,0,1,0,1
1,20,36,1,1,0,1
0,20,37,0,0.8,1,1
0,20,38,1,1,1,1
1,20,38,1,1,0,2
0,20,39,0,1,0,1
0,20,40,1,1,1,1
0,20,41,0,1,1,1
0,20,42,1,1,1,1
0,20,43,0,1,1,1
0,21,1,0,1,0,1
0,21,4,1,1,0,1
1,21,8,1,1,0,1
0,21,13,0,0,0,1
0,21,23,0,1,0,1
0,21,25,0,1,0,1
1,21,26,1,1,0,1
0,21,27,0,1,0,1
0,21,28,1,0.5,0,1
0,21,29,0,1,0,1
1,21,30,1,1,0,1
0,21,31,0,0.5,0,1
0,21,32,1,1,0,1
0,21,33,0,0.5,0,1
0,21,34,1,1,0,1
0,21,35,0,0.5,0,1
0,21,36,1,0.5,0,1
0,21,37,0,1,1,1
0,21,38,1,1,1,1
0,21,38,1,1,0,2
0,21,39,0,1,0,1
0,21,40,1,1,1,1
0,21,41,0,1,1,1
0,21,42,1,1,1,1
0,21,43,0,1,1,1
0,43,6,1,1,0,1
0,43,9,0,1,0,1
0,43,13,0,1,0,1
0,43,13,0,0,0,2
0,43,14,1,1,1,1
0,43,16,1,1,0,1
0,43,18,1,1,0,1
0,43,19,0,1,0,1
0,43,23,0,0,0,1
0,43,24,1,0,0,1
0,43,25,0,0,0,1
0,43,26,1,1,0,1
0,43,27,0,1,0,1
0,43,29,0,1,0,1
0,43,30,1,0,0,1
0,43,30,1,0,1,2
0,43,31,0,0,0,1
0,43,32,1,1,0,1
0,43,33,0,0,0,1
0,43,34,1,0,0,1
0,43,36,1,0,0,1
0,43,37,0,0,0,1
0,43,38,1,1,0,1
0,43,39,0,0,1,1
0,43,40,1,1,1,1
0,43,41,0,0,1,1
0,43,42,1,1,1,1
0,43,43,0,0,1,1
0,44,6,1,0.784722222222222,0,1
0,44,9,0,1,0,1
0,44,10,1,0.6875,0,1
0,44,12,1,0,0,1
0,44,13,0,0.25,0,1
0,44,13,0,0,1,2
0,44,13,0,0.25,0,3
0,44,14,1,0.666666666666667,0,1
0,44,14,1,0.75,1,2
0,44,16,1,0.75,0,1
0,44,18,1,0.75,0,1
0,44,19,0,0.5,0,1
0,44,23,0,0.25,0,1
1,44,24,1,0.75,0,1
0,44,25,0,0.25,0,1
1,44,26,1,1,0,1
0,44,27,0,1,0,1
1,44,28,1,0.25,0,1
0,44,29,0,0.75,0,1
0,44,30,1,1,0,1
0,44,30,1,1,1,2
0,44,31,0,0.25,0,1
0,44,32,1,1,0,1
0,44,33,0,0.25,0,1
0,44,34,1,0.75,0,1
0,44,36,1,0.5,0,1
0,44,37,0,0.25,0,1
0,44,38,1,1,0,1
0,44,39,0,0.75,1,1
0,44,40,1,1,1,1
0,44,41,0,0.25,1,1
0,44,42,1,1,1,1
0,44,43,0,0.25,1,1
0,45,6,1,0.597222222222222,0,1
1,45,8,1,0,1,1
1,45,9,0,1,0,1
0,45,10,1,0.533333333333333,0,1
1,45,11,0,1,1,1
0,45,12,1,0.333333333333333,0,1
1,45,13,0,0.166666666666667,0,1
1,45,13,0,0.166666666666667,1,2
0,45,13,0,0.166666666666667,0,3
0,45,14,1,0.333333333333333,0,1
0,45,14,1,0.333333333333333,1,2
0,45,16,1,1,0,1
0,45,18,1,0.166666666666667,0,1
0,45,19,0,0.333333333333333,0,1
0,45,23,0,0.333333333333333,0,1
0,45,24,1,0.166666666666667,0,1
0,45,25,0,0.166666666666667,0,1
1,45,26,1,0.833333333333333,0,1
1,45,27,0,1,0,1
1,45,28,1,0.166666666666667,0,1
1,45,29,0,0.666666666666667,0,1
1,45,30,1,0.833333333333333,0,1
1,45,30,1,1,1,2
1,45,31,0,0.166666666666667,0,1
0,45,32,1,1,0,1
0,45,33,0,0.166666666666667,0,1
0,45,34,1,0.5,0,1
0,45,36,1,0.333333333333333,0,1
0,45,37,0,0.166666666666667,0,1
0,45,38,1,0.833333333333333,0,1
0,45,39,0,0.333333333333333,1,1
0,45,40,1,1,1,1
0,45,41,0,0.333333333333333,1,1
0,45,42,1,1,1,1
0,45,43,0,0.4,1,1
0,46,6,1,1,0,1
0,46,8,1,1,1,1
0,46,9,0,1,0,1
0,46,10,1,1,0,1
0,46,11,0,1,1,1
0,46,12,1,0,0,1
0,46,13,0,1,0,1
0,46,13,0,1,1,2
0,46,13,0,0,0,3
0,46,14,1,1,0,1
0,46,14,1,1,1,2
0,46,16,1,1,0,1
0,46,18,1,1,0,1
0,46,19,0,1,0,1
0,46,23,0,1,0,1
0,46,24,1,1,0,1
0,46,25,0,1,0,1
0,46,26,1,1,0,1
1,46,27,0,1,0,1
0,46,28,1,1,0,1
0,46,29,0,1,0,1
0,46,30,1,0,0,1
0,46,30,1,1,1,2
0,46,31,0,1,0,1
1,46,32,1,1,0,1
0,46,33,0,0,0,1
0,46,34,1,1,0,1
0,46,39,0,0,1,1
0,46,40,1,1,1,1
0,46,41,0,0,1,1
0,46,43,0,0,1,1
0,47,1,0,0.25,0,1
0,47,6,1,1,0,1
0,47,8,1,0.95,0,1
0,47,10,1,0.9375,0,1
0,47,13,0,0,0,1
1,47,17,0,1,1,1
0,47,17,0,0,0,2
0,47,20,1,0.95,0,1
0,47,21,0,0,0,1
0,47,23,0,0.5,0,1
1,47,24,1,1,0,1
1,47,25,0,0.75,0,1
1,47,26,1,1,0,1
1,47,27,0,1,0,1
0,47,28,1,0.25,0,1
0,47,29,0,1,0,1
1,47,30,1,1,0,1
1,47,30,1,1,1,2
0,47,31,0,0,0,1
0,47,32,1,1,0,1
0,47,32,1,1,0,2
0,47,33,0,0.25,0,1
1,47,34,1,1,0,1
0,47,35,0,1,0,1
1,47,35,0,0.75,0,2
0,47,35,0,0.666666666666667,1,3
0,47,35,0,0.25,0,4
0,47,35,0,0.75,0,5
1,47,35,0,0.75,1,6
0,47,35,0,0.75,0,7
0,47,35,0,1,1,8
1,47,35,0,1,1,9
0,47,36,1,1,0,1
0,47,36,1,1,0,2
0,47,36,1,0.75,0,3
0,47,36,1,0.75,0,4
0,47,37,0,0.25,0,1
0,47,37,0,0,0,2
0,47,37,0,0,0,3
0,47,37,0,0,1,4
0,47,37,0,0,0,5
0,47,37,0,0,0,6
0,47,37,0,0,0,7
0,47,37,0,0,0,8
0,47,37,0,0.75,0,9
0,47,37,0,0.75,0,10
0,47,38,1,1,0,1
0,47,38,1,1,0,2
0,47,38,1,1,0,3
0,47,38,1,1,0,4
0,47,39,0,1,0,1
0,47,39,0,1,0,2
0,47,39,0,1,0,3
0,47,39,0,1,1,4
0,47,39,0,1,0,5
0,47,39,0,1,0,6
0,47,39,0,1,0,7
0,47,39,0,1,0,8
0,47,39,0,1,0,9
0,47,40,1,1,0,1
0,47,40,1,1,0,2
0,47,40,1,1,0,3
0,47,40,1,1,0,4
0,47,40,1,1,1,5
0,47,40,1,1,0,6
0,47,41,0,1,1,1
0,47,42,1,1,1,1
0,47,43,0,1,1,1
0,48,1,0,0,0,1
0,48,6,1,1,0,1
0,48,8,1,1,0,1
0,48,10,1,1,0,1
0,48,11,0,1,1,1
0,48,13,0,1,0,1
0,48,17,0,1,1,1
0,48,17,0,0,0,2
0,48,20,1,1,0,1
0,48,20,1,1,0,2
0,48,21,0,0,0,1
0,48,21,0,0,0,2
0,48,23,0,1,0,1
1,48,24,1,1,0,1
0,48,25,0,0,0,1
1,48,26,1,1,0,1
1,48,27,0,1,0,1
0,48,28,1,0,0,1
0,48,29,0,1,0,1
1,48,30,1,1,0,1
0,48,30,1,1,1,2
0,48,31,0,1,0,1
0,48,32,1,1,0,1
0,48,32,1,1,0,2
0,48,33,0,1,0,1
1,48,34,1,1,0,1
1,48,35,0,1,0,1
1,48,35,0,1,0,2
1,48,35,0,1,1,3
1,48,35,0,1,0,4
1,48,35,0,1,0,5
1,48,35,0,1,1,6
1,48,35,0,1,0,7
0,48,35,0,1,1,8
1,48,35,0,1,1,9
0,48,36,1,1,0,1
0,48,36,1,1,0,2
0,48,36,1,1,0,3
0,48,36,1,1,0,4
0,48,37,0,1,0,1
1,48,37,0,1,0,2
1,48,37,0,1,0,3
0,48,37,0,1,1,4
0,48,37,0,0,0,5
0,48,37,0,0,0,6
0,48,37,0,0,0,7
0,48,37,0,0,0,8
0,48,37,0,1,0,9
0,48,37,0,1,0,10
0,48,38,1,1,0,1
0,48,38,1,1,0,2
0,48,38,1,1,0,3
0,48,38,1,1,0,4
0,48,39,0,1,0,1
0,48,39,0,1,0,2
0,48,39,0,1,0,3
0,48,39,0,1,1,4
0,48,39,0,1,0,5
0,48,39,0,1,0,6
0,48,39,0,1,0,7
0,48,39,0,1,0,8
0,48,39,0,1,0,9
0,48,40,1,1,0,1
0,48,40,1,1,0,2
0,48,40,1,1,0,3
0,48,40,1,1,0,4
0,48,40,1,1,1,5
0,48,40,1,1,0,6
0,48,41,0,1,1,1
0,48,42,1,1,1,1
0,49,1,0,0.444444444444444,0,1
0,49,6,1,1,0,1
0,49,8,1,0.972222222222222,0,1
0,49,10,1,0.944444444444444,0,1
0,49,11,0,0.781565656565657,1,1
0,49,13,0,0.571428571428571,0,1
1,49,13,0,1,0,2
0,49,17,0,1,1,1
0,49,17,0,0.875,0,2
0,49,20,1,0.972222222222222,0,1
0,49,20,1,0.944444444444444,0,2
0,49,21,0,0.666666666666667,0,1
0,49,21,0,0.666666666666667,0,2
0,49,23,0,0.444444444444444,0,1
1,49,24,1,0.888888888888889,0,1
1,49,25,0,0.75,0,1
1,49,26,1,1,0,1
1,49,27,0,0.888888888888889,0,1
1,49,28,1,0.666666666666667,0,1
1,49,29,0,1,0,1
1,49,30,1,1,0,1
1,49,30,1,1,1,2
1,49,31,0,0.666666666666667,0,1
1,49,32,1,1,0,1
1,49,32,1,1,0,2
0,49,33,0,0.666666666666667,0,1
1,49,34,1,1,0,1
1,49,35,0,1,0,1
0,49,35,0,0.777777777777778,0,2
1,49,35,0,0.666666666666667,1,3
1,49,35,0,0.666666666666667,0,4
1,49,35,0,0.777777777777778,0,5
1,49,35,0,0.777777777777778,1,6
1,49,35,0,0.666666666666667,0,7
1,49,35,0,1,1,8
1,49,35,0,1,1,9
1,49,36,1,1,0,1
1,49,36,1,1,0,2
1,49,36,1,0.888888888888889,0,3
1,49,36,1,0.777777777777778,0,4
1,49,37,0,0.666666666666667,0,1
1,49,37,0,0.666666666666667,0,2
1,49,37,0,0.666666666666667,0,3
0,49,37,0,0.666666666666667,1,4
1,49,37,0,0.555555555555556,0,5
0,49,37,0,0.555555555555556,0,6
0,49,37,0,0.444444444444444,0,7
0,49,37,0,0.444444444444444,0,8
0,49,37,0,1,0,9
1,49,37,0,1,0,10
0,49,38,1,1,0,1
0,49,38,1,1,0,2
0,49,38,1,1,0,3
0,49,38,1,1,0,4
0,49,39,0,1,0,1
0,49,39,0,1,0,2
0,49,39,0,1,0,3
0,49,39,0,1,1,4
0,49,39,0,1,0,5
0,49,39,0,1,0,6
0,49,39,0,1,0,7
0,49,39,0,0.888888888888889,0,8
0,49,39,0,1,0,9
0,49,40,1,1,0,1
0,49,40,1,1,0,2
0,49,40,1,1,0,3
0,49,40,1,1,0,4
0,49,40,1,1,1,5
0,49,40,1,1,0,6
0,49,41,0,1,1,1
0,49,42,1,1,1,1
0,49,43,0,1,1,1
0,50,1,0,0.285714285714286,0,1
0,50,8,1,0,0,1
0,50,10,1,1,1,1
0,50,11,0,1,0,1
1,50,13,0,0.75,0,1
1,50,13,0,1,0,2
1,50,13,0,0.166666666666667,1,3
1,50,13,0,0.142857142857143,0,4
1,50,14,1,0.625,0,1
1,50,17,0,1,1,1
1,50,17,0,0.8,0,2
1,50,19,0,0.5,0,1
0,50,20,1,0.888636363636364,0,1
0,50,20,1,0.876893939393939,0,2
0,50,21,0,0.545454545454545,0,1
0,50,21,0,0.454545454545455,0,2
0,50,21,0,0.857142857142857,0,3
1,50,23,0,0.8,0,1
1,50,24,1,0.818181818181818,0,1
1,50,25,0,1,0,1
1,50,26,1,1,0,1
1,50,27,0,1,0,1
1,50,28,1,0.6,0,1
1,50,29,0,1,0,1
1,50,30,1,1,0,1
1,50,30,1,0.9,1,2
1,50,31,0,0.7,0,1
1,50,32,1,1,0,1
1,50,32,1,1,0,2
1,50,33,0,0.727272727272727,0,1
1,50,34,1,1,0,1
1,50,35,0,0.909090909090909,0,1
1,50,35,0,0.909090909090909,0,2
1,50,35,0,0.777777777777778,0,3
1,50,35,0,0.636363636363636,0,4
1,50,35,0,0.818181818181818,0,5
1,50,35,0,0.727272727272727,0,6
1,50,35,0,0.636363636363636,0,7
1,50,35,0,1,0,8
0,50,35,0,1,0,9
0,50,36,1,0.909090909090909,0,1
1,50,36,1,0.909090909090909,0,2
1,50,36,1,0.636363636363636,0,3
1,50,36,1,0.727272727272727,0,4
1,50,37,0,0.727272727272727,0,1
0,50,37,0,0.727272727272727,0,2
1,50,37,0,0.636363636363636,0,3
1,50,37,0,0.545454545454545,0,4
0,50,37,0,0.454545454545455,0,5
1,50,37,0,0.363636363636364,0,6
0,50,37,0,0.181818181818182,0,7
0,50,37,0,1,0,8
0,50,37,0,0.909090909090909,0,9
0,50,38,1,1,0,1
0,50,38,1,1,0,2
0,50,38,1,1,0,3
0,50,38,1,1,0,4
0,50,39,0,0.909090909090909,0,1
0,50,39,0,0.909090909090909,0,2
0,50,39,0,0.909090909090909,0,3
0,50,39,0,0.909090909090909,1,4
0,50,39,0,1,0,5
0,50,39,0,0.909090909090909,0,6
0,50,39,0,0.909090909090909,0,7
0,50,39,0,0.909090909090909,0,8
0,50,39,0,1,0,9
0,50,40,1,1,0,1
0,50,40,1,1,0,2
0,50,40,1,1,0,3
0,50,40,1,1,0,4
0,50,40,1,0.909090909090909,1,5
0,50,40,1,1,0,6
0,50,41,0,0.909090909090909,1,1
0,50,42,1,1,1,1
0,50,43,0,1,1,1
0,51,6,1,0.708333333333333,0,1
0,51,11,0,1,0,1
0,51,14,1,0.333333333333333,0,1
0,51,17,0,0.666666666666667,0,1
0,51,19,0,0,0,1
0,51,20,1,0.708333333333333,0,1
0,51,20,1,0.571428571428571,0,2
0,51,21,0,0,0,1
0,51,21,0,0,0,2
0,51,21,0,0.666666666666667,0,3
0,51,23,0,0,0,1
1,51,24,1,0.333333333333333,0,1
1,51,26,1,1,0,1
0,51,27,0,0.666666666666667,0,1
0,51,28,1,0,0,1
0,51,29,0,0.666666666666667,0,1
0,51,29,0,0.666666666666667,0,2
1,51,30,1,0.666666666666667,1,1
0,51,31,0,0,0,1
1,51,32,1,0.666666666666667,0,1
0,51,33,0,0,0,1
0,51,34,1,0.333333333333333,0,1
0,51,35,0,0.5,0,1
0,51,35,0,0,0,2
0,51,35,0,0,0,3
0,51,35,0,0,0,4
0,51,35,0,0,0,5
0,51,35,0,0,0,6
0,51,35,0,1,0,7
0,51,35,0,1,0,8
0,51,36,1,0,0,1
0,51,36,1,0,0,2
0,51,36,1,0,0,3
0,51,36,1,0,0,4
0,51,37,0,0,0,1
0,51,37,0,0,0,2
0,51,37,0,0,0,3
0,51,37,0,0,0,4
0,51,37,0,0,0,5
0,51,37,0,0,0,6
0,51,37,0,0,0,7
0,51,37,0,1,0,8
0,51,37,0,1,0,9
0,51,38,1,1,0,1
0,51,38,1,1,0,2
0,51,38,1,1,1,3
0,51,38,1,1,0,4
0,51,39,0,1,0,1
0,51,39,0,1,0,2
0,51,39,0,1,0,3
0,51,39,0,1,0,4
0,51,39,0,1,0,5
0,51,39,0,1,0,6
0,51,39,0,0.5,0,7
0,51,39,0,1,0,8
0,51,40,1,1,0,1
0,51,40,1,1,0,2
0,51,40,1,1,0,3
0,51,40,1,1,0,4
0,51,40,1,1,1,5
0,51,40,1,1,0,6
0,51,41,0,1,1,1
0,51,42,1,1,1,1
0,51,42,1,1,0,2
0,51,43,0,0.333333333333333,0,1
0,52,6,1,0.868055555555556,0,1
1,52,11,0,1,0,1
1,52,14,1,0.444444444444444,0,1
1,52,17,0,0.625,0,1
1,52,19,0,0.777777777777778,0,1
0,52,20,1,0.868055555555556,0,1
0,52,20,1,0.746031746031746,0,2
0,52,21,0,0.444444444444444,0,1
0,52,21,0,0.888888888888889,0,2
1,52,23,0,0.375,0,1
1,52,24,1,0.777777777777778,0,1
1,52,26,1,1,0,1
1,52,27,0,1,0,1
1,52,28,1,0.222222222222222,0,1
1,52,29,0,0.875,0,1
1,52,29,0,0.875,0,2
1,52,30,1,0.666666666666667,0,1
1,52,31,0,0.444444444444444,0,1
1,52,32,1,1,0,1
0,52,33,0,0.333333333333333,0,1
1,52,34,1,0.888888888888889,0,1
1,52,35,0,0.777777777777778,0,1
0,52,35,0,0.555555555555556,0,2
0,52,35,0,0.444444444444444,0,3
0,52,35,0,0.444444444444444,0,4
0,52,35,0,0.444444444444444,0,5
0,52,35,0,0.333333333333333,0,6
0,52,35,0,1,0,7
0,52,35,0,1,0,8
0,52,36,1,0.555555555555556,0,1
0,52,36,1,0.555555555555556,0,2
0,52,36,1,0.444444444444444,0,3
0,52,36,1,0.555555555555556,0,4
0,52,37,0,0.777777777777778,0,1
0,52,37,0,0.444444444444444,0,2
0,52,37,0,0.444444444444444,0,3
0,52,37,0,0.333333333333333,0,4
0,52,37,0,0.222222222222222,0,5
0,52,37,0,0.222222222222222,0,6
0,52,37,0,0.111111111111111,0,7
0,52,37,0,0.888888888888889,0,8
0,52,37,0,0.888888888888889,0,9
0,52,38,1,1,0,1
0,52,38,1,1,0,2
0,52,38,1,1,1,3
0,52,38,1,1,0,4
0,52,39,0,1,0,1
0,52,39,0,1,0,2
0,52,39,0,0.888888888888889,0,3
0,52,39,0,1,0,4
0,52,39,0,0.888888888888889,0,5
0,52,39,0,0.777777777777778,0,6
0,52,39,0,0.666666666666667,0,7
0,52,39,0,1,0,8
0,52,40,1,1,0,1
0,52,40,1,1,0,2
0,52,40,1,1,0,3
0,52,40,1,1,0,4
0,52,40,1,1,1,5
0,52,40,1,1,0,6
0,52,41,0,1,1,1
0,52,42,1,1,1,1
0,52,42,1,1,0,2
0,52,43,0,0.777777777777778,0,1
0,53,20,1,1,0,1
0,53,20,1,0.92,0,2
1,53,23,0,1,0,1
1,53,24,1,1,0,1
1,53,26,1,1,0,1
1,53,27,0,1,0,1
1,53,28,1,0.6,0,1
0,53,29,0,1,0,1
0,53,29,0,1,0,2
1,53,30,1,1,0,1
0,53,31,0,0.6,0,1
0,53,32,1,1,0,1
0,53,33,0,0.25,0,1
0,53,34,1,1,0,1
1,53,35,0,1,0,1
0,53,35,0,1,0,2
0,53,35,0,0.8,0,3
1,53,35,0,0.8,0,4
0,53,35,0,0.8,0,5
1,53,35,0,0.8,0,6
0,53,35,0,0.6,0,7
0,53,35,0,1,0,8
1,53,35,0,1,0,9
0,53,36,1,1,0,1
0,53,36,1,1,0,2
0,53,36,1,1,0,3
0,53,36,1,1,0,4
0,53,37,0,1,0,1
0,53,37,0,0.8,0,2
0,53,37,0,0.8,0,3
0,53,37,0,0.8,0,4
0,53,37,0,0.8,0,5
0,53,37,0,0.6,0,6
0,53,37,0,0.6,0,7
0,53,37,0,0.4,0,8
0,53,37,0,1,0,9
0,53,37,0,1,0,10
0,53,38,1,1,0,1
0,53,38,1,1,0,2
0,53,38,1,1,1,3
0,53,39,0,1,0,1
0,53,39,0,1,0,2
0,53,39,0,1,0,3
0,53,39,0,1,0,4
0,53,39,0,1,0,5
0,53,39,0,1,0,6
0,53,39,0,1,0,7
0,53,39,0,1,0,8
0,53,39,0,1,0,9
0,53,39,0,1,0,10
0,53,39,0,1,0,11
0,53,40,1,1,0,1
0,53,40,1,1,0,2
0,53,40,1,1,0,3
0,53,40,1,1,0,4
0,53,40,1,1,0,5
0,53,41,0,1,1,1
0,53,41,0,1,1,2
0,53,42,1,1,0,1
0,53,43,0,0.8,0,1
0,54,19,0,1,0,1
0,54,20,1,1,0,1
1,54,20,1,1,0,2
1,54,23,0,1,0,1
1,54,24,1,1,0,1
1,54,26,1,1,0,1
1,54,27,0,1,0,1
1,54,28,1,1,0,1
0,54,29,0,1,0,1
0,54,29,0,1,0,2
1,54,30,1,1,0,1
0,54,31,0,1,0,1
0,54,32,1,1,0,1
1,54,33,0,1,0,1
1,54,34,1,1,0,1
1,54,35,0,1,0,1
1,54,35,0,1,0,2
1,54,35,0,1,0,3
0,54,35,0,1,0,4
1,54,35,0,1,0,5
0,54,35,0,1,0,6
0,54,35,0,1,0,7
0,54,35,0,1,0,8
0,54,35,0,1,0,9
1,54,36,1,1,0,1
1,54,36,1,1,0,2
1,54,36,1,1,0,3
0,54,36,1,1,0,4
0,54,37,0,1,0,1
0,54,37,0,1,0,2
0,54,37,0,1,0,3
0,54,37,0,1,0,4
0,54,37,0,1,0,5
1,54,37,0,1,0,6
1,54,37,0,1,0,7
1,54,37,0,1,0,8
1,54,37,0,1,0,9
1,54,37,0,1,0,10
0,54,38,1,1,0,1
0,54,38,1,1,0,2
0,54,38,1,1,1,3
1,54,39,0,1,0,1
1,54,39,0,1,0,2
1,54,39,0,1,0,3
0,54,39,0,1,0,4
1,54,39,0,1,0,5
0,54,39,0,1,0,6
0,54,39,0,1,0,7
0,54,39,0,1,0,8
0,54,39,0,1,0,9
0,54,39,0,1,0,10
0,54,39,0,1,0,11
0,54,40,1,1,0,1
0,54,40,1,1,0,2
0,54,40,1,1,0,3
0,54,40,1,1,0,4
0,54,40,1,1,0,5
0,54,41,0,1,1,1
0,54,41,0,1,1,2
0,54,42,1,1,0,1
0,54,43,0,1,0,1
1,55,13,0,1,0,1
1,55,19,0,1,0,1
0,55,20,1,1,0,1
1,55,20,1,0.981818181818182,0,2
0,55,23,0,1,0,1
1,55,24,1,1,0,1
1,55,26,1,1,0,1
1,55,27,0,1,0,1
1,55,28,1,0.909090909090909,0,1
1,55,29,0,1,0,1
1,55,29,0,1,0,2
1,55,30,1,1,0,1
1,55,31,0,1,0,1
1,55,32,1,1,0,1
1,55,33,0,1,0,1
1,55,34,1,1,0,1
0,55,35,0,1,0,1
1,55,35,0,1,0,2
1,55,35,0,1,0,3
1,55,35,0,1,0,4
1,55,35,0,0.909090909090909,0,5
1,55,35,0,0.909090909090909,0,6
0,55,35,0,0.818181818181818,0,7
0,55,35,0,1,0,8
0,55,35,0,1,0,9
0,55,36,1,1,0,1
1,55,36,1,1,0,2
1,55,36,1,1,0,3
1,55,36,1,1,0,4
1,55,37,0,1,0,1
1,55,37,0,1,0,2
1,55,37,0,0.909090909090909,0,3
1,55,37,0,1,0,4
1,55,37,0,0.909090909090909,0,5
1,55,37,0,0.909090909090909,0,6
1,55,37,0,0.818181818181818,0,7
1,55,37,0,0.727272727272727,0,8
0,55,37,0,1,0,9
1,55,37,0,1,0,10
0,55,38,1,1,0,1
0,55,38,1,1,0,2
0,55,38,1,1,1,3
0,55,39,0,1,0,1
0,55,39,0,1,0,2
0,55,39,0,1,0,3
0,55,39,0,1,0,4
0,55,39,0,1,0,5
0,55,39,0,1,0,6
0,55,39,0,1,0,7
0,55,39,0,1,0,8
0,55,39,0,1,0,9
0,55,39,0,1,0,10
0,55,39,0,1,0,11
0,55,40,1,1,0,1
0,55,40,1,1,0,2
0,55,40,1,1,0,3
0,55,40,1,1,0,4
0,55,40,1,1,0,5
0,55,41,0,1,1,1
0,55,41,0,1,1,2
0,55,42,1,1,0,1
0,55,43,0,1,0,1
