"site","watershed","elevation","n.pools","basin.area","reliability","n.Neighbors","pdsi6mo.s96","pdsi6mo.w96","pdsi6mo.s97","pdsi6mo.w97","pdsi6mo.s98","pdsi6mo.w98","pdsi6mo.s99","pdsi6mo.w99","pdsi6mo.s00","pdsi6mo.w00","pdsi6mo.s01","pdsi6mo.w01","pdsi6mo.s02","pdsi6mo.w02","pdsi6mo.s03","pdsi6mo.w03","pdsi6mo.s04","pdsi6mo.w04","pdsi6mo.s05","pdsi6mo.w05","pdsi6mo.s06","pdsi6mo.w06","pdsi6mo.s07","pdsi6mo.w07","pdsi6mo.s08","pdsi6mo.w08","pdsi6mo.s09","pdsi6mo.w09","pdsi6mo.s10","pdsi6mo.w10","pdsi6mo.s11","pdsi6mo.w11","pdsi6mo.s12","pdsi6mo.w12","pdsi6mo.s13","pdsi6mo.w13","pdsi6mo.s14","pdsi6mo.w14","pdsi6mo.s15","pdsi6mo.w15","pdsi6mo.s16","pdsi6mo.w16","pdsiJA.s96","pdsiJA.w96","pdsiJA.s97","pdsiJA.w97","pdsiJA.s98","pdsiJA.w98","pdsiJA.s99","pdsiJA.w99","pdsiJA.s00","pdsiJA.w00","pdsiJA.s01","pdsiJA.w01","pdsiJA.s02","pdsiJA.w02","pdsiJA.s03","pdsiJA.w03","pdsiJA.s04","pdsiJA.w04","pdsiJA.s05","pdsiJA.w05","pdsiJA.s06","pdsiJA.w06","pdsiJA.s07","pdsiJA.w07","pdsiJA.s08","pdsiJA.w08","pdsiJA.s09","pdsiJA.w09","pdsiJA.s10","pdsiJA.w10","pdsiJA.s11","pdsiJA.w11","pdsiJA.s12","pdsiJA.w12","pdsiJA.s13","pdsiJA.w13","pdsiJA.s14","pdsiJA.w14","pdsiJA.s15","pdsiJA.w15","pdsiJA.s16","pdsiJA.w16","precip.s96","precip.w96","precip.s97","precip.w97","precip.s98","precip.w98","precip.s99","precip.w99","precip.s00","precip.w00","precip.s01","precip.w01","precip.s02","precip.w02","precip.s03","precip.w03","precip.s04","precip.w04","precip.s05","precip.w05","precip.s06","precip.w06","precip.s07","precip.w07","precip.s08","precip.w08","precip.s09","precip.w09","precip.s10","precip.w10","precip.s11","precip.w11","precip.s12","precip.w12","precip.s13","precip.w13","precip.s14","precip.w14","precip.s15","precip.w15","precip.s16","precip.w16","sed.s96","sed.w96","sed.s97","sed.w97","sed.s98","sed.w98","sed.s99","sed.w99","sed.s00","sed.w00","sed.s01","sed.w01","sed.s02","sed.w02","sed.s03","sed.w03","sed.s04","sed.w04","sed.s05","sed.w05","sed.s06","sed.w06","sed.s07","sed.w07","sed.s08","sed.w08","sed.s09","sed.w09","sed.s10","sed.w10","sed.s11","sed.w11","sed.s12","sed.w12","sed.s13","sed.w13","sed.s14","sed.w14","sed.s15","sed.w15","sed.s16","sed.w16"
1,"South",962,1,8.65,0.1875,22,-3.635,-3.07833333333333,-2.13833333333333,-2.72833333333333,3.185,3.04833333333333,-2.72,-1.51166666666667,-3.885,-0.095,4.01833333333333,2.79666666666667,-2.90833333333333,-3.78833333333333,-3.14166666666667,-3.11833333333333,-2.52,-3.08333333333333,-1.38833333333333,-1.92166666666667,-4.60166666666667,-2.33,-2.15,-2.32,-1.74,0.0416666666666667,-2.065,-3.70166666666667,-0.658333333333333,-0.251666666666667,-3.76666666666667,-3.31166666666667,-2.66166666666667,-3.32166666666667,-3.70833333333333,-3.57333333333333,-4.48666666666667,-4.08,1.505,2.08333333333333,-0.265,1.12333333333333,-3.67625,-3.67625,-2.395,-2.395,3.325,3.325,-2.29125,-2.29125,-3.54375,-3.54375,3.93125,3.93125,-3.19125,-3.19125,-3.22125,-3.22125,-2.6625,-2.6625,-1.4625,-1.4625,-4.0375,-4.0375,-2.12625,-2.12625,-0.9925,-0.9925,-2.4,-2.4,-0.15375,-0.15375,-3.75625,-3.75625,-2.715,-2.715,-3.67,-3.67,-4.64125,-4.64125,1.445,1.445,0.17625,0.17625,92.769744160178,83.1007751937985,78.0867630700779,203.410852713178,114.349276974416,44.1860465116279,130.367074527252,25.5813953488372,87.9866518353726,94.7286821705426,90.5450500556174,42.9457364341085,83.3147942157953,76.8992248062015,92.4360400444939,81.0852713178294,70.4115684093437,96.4341085271318,72.5250278086763,16.2790697674419,149.388209121246,76.4341085271318,85.2057842046719,84.031007751938,118.020022246941,63.1007751937985,56.6184649610679,139.84496124031,101.11234705228,32.093023255814,117.797552836485,72.093023255814,98.1090100111235,60.3100775193798,101.446051167964,33.1782945736434,92.3248053392659,142.790697674419,110.678531701891,70.6976744186046,144.382647385984,99.8449612403101,0,0,0,0,0,0,1,1,1,1,1,1,1,1,1,1,1,1,0,0,0,0,1,1,1,1,1,1,0,0,0,0,0,0,0,0,0,0,0,0,0,0
2,"South",1008,1,8.43,0.5,22,-3.635,-3.07833333333333,-2.13833333333333,-2.72833333333333,3.185,3.04833333333333,-2.72,-1.51166666666667,-3.885,-0.095,4.01833333333333,2.79666666666667,-2.90833333333333,-3.78833333333333,-3.14166666666667,-3.11833333333333,-2.52,-3.08333333333333,-1.38833333333333,-1.92166666666667,-4.60166666666667,-2.33,-2.15,-2.32,-1.74,0.0416666666666667,-2.065,-3.70166666666667,-0.658333333333333,-0.251666666666667,-3.76666666666667,-3.31166666666667,-2.66166666666667,-3.32166666666667,-3.70833333333333,-3.57333333333333,-4.48666666666667,-4.08,1.505,2.08333333333333,-0.265,1.12333333333333,-3.67625,-3.67625,-2.395,-2.395,3.325,3.325,-2.29125,-2.29125,-3.54375,-3.54375,3.93125,3.93125,-3.19125,-3.19125,-3.22125,-3.22125,-2.6625,-2.6625,-1.4625,-1.4625,-4.0375,-4.0375,-2.12625,-2.12625,-0.9925,-0.9925,-2.4,-2.4,-0.15375,-0.15375,-3.75625,-3.75625,-2.715,-2.715,-3.67,-3.67,-4.64125,-4.64125,1.445,1.445,0.17625,0.17625,92.769744160178,83.1007751937985,78.0867630700779,203.410852713178,114.349276974416,44.1860465116279,130.367074527252,25.5813953488372,87.9866518353726,94.7286821705426,90.5450500556174,42.9457364341085,83.3147942157953,76.8992248062015,92.4360400444939,81.0852713178294,70.4115684093437,96.4341085271318,72.5250278086763,16.2790697674419,149.388209121246,76.4341085271318,85.2057842046719,84.031007751938,118.020022246941,63.1007751937985,56.6184649610679,139.84496124031,101.11234705228,32.093023255814,117.797552836485,72.093023255814,98.1090100111235,60.3100775193798,101.446051167964,33.1782945736434,92.3248053392659,142.790697674419,110.678531701891,70.6976744186046,144.382647385984,99.8449612403101,0,0,0,0,0,0,1,1,1,1,1,1,1,1,1,1,1,1,0,0,0,0,1,1,1,1,1,1,0,0,0,0,0,0,0,0,0,0,0,0,0,0
3,"South",1054,4,8.28,0.933333333333333,22,-3.635,-3.07833333333333,-2.13833333333333,-2.72833333333333,3.185,3.04833333333333,-2.72,-1.51166666666667,-3.885,-0.095,4.01833333333333,2.79666666666667,-2.90833333333333,-3.78833333333333,-3.14166666666667,-3.11833333333333,-2.52,-3.08333333333333,-1.38833333333333,-1.92166666666667,-4.60166666666667,-2.33,-2.15,-2.32,-1.74,0.0416666666666667,-2.065,-3.70166666666667,-0.658333333333333,-0.251666666666667,-3.76666666666667,-3.31166666666667,-2.66166666666667,-3.32166666666667,-3.70833333333333,-3.57333333333333,-4.48666666666667,-4.08,1.505,2.08333333333333,-0.265,1.12333333333333,-3.67625,-3.67625,-2.395,-2.395,3.325,3.325,-2.29125,-2.29125,-3.54375,-3.54375,3.93125,3.93125,-3.19125,-3.19125,-3.22125,-3.22125,-2.6625,-2.6625,-1.4625,-1.4625,-4.0375,-4.0375,-2.12625,-2.12625,-0.9925,-0.9925,-2.4,-2.4,-0.15375,-0.15375,-3.75625,-3.75625,-2.715,-2.715,-3.67,-3.67,-4.64125,-4.64125,1.445,1.445,0.17625,0.17625,92.769744160178,83.1007751937985,78.0867630700779,203.410852713178,114.349276974416,44.1860465116279,130.367074527252,25.5813953488372,87.9866518353726,94.7286821705426,90.5450500556174,42.9457364341085,83.3147942157953,76.8992248062015,92.4360400444939,81.0852713178294,70.4115684093437,96.4341085271318,72.5250278086763,16.2790697674419,149.388209121246,76.4341085271318,85.2057842046719,84.031007751938,118.020022246941,63.1007751937985,56.6184649610679,139.84496124031,101.11234705228,32.093023255814,117.797552836485,72.093023255814,98.1090100111235,60.3100775193798,101.446051167964,33.1782945736434,92.3248053392659,142.790697674419,110.678531701891,70.6976744186046,144.382647385984,99.8449612403101,0,0,0,0,0,0,1,1,1,1,1,1,1,1,1,1,1,1,0,0,0,0,1,1,1,1,1,1,0,0,0,0,0,0,0,0,0,0,0,0,0,0
4,"South",1137,10,7.9,1,22,-3.635,-3.07833333333333,-2.13833333333333,-2.72833333333333,3.185,3.04833333333333,-2.72,-1.51166666666667,-3.885,-0.095,4.01833333333333,2.79666666666667,-2.90833333333333,-3.78833333333333,-3.14166666666667,-3.11833333333333,-2.52,-3.08333333333333,-1.38833333333333,-1.92166666666667,-4.60166666666667,-2.33,-2.15,-2.32,-1.74,0.0416666666666667,-2.065,-3.70166666666667,-0.658333333333333,-0.251666666666667,-3.76666666666667,-3.31166666666667,-2.66166666666667,-3.32166666666667,-3.70833333333333,-3.57333333333333,-4.48666666666667,-4.08,1.505,2.08333333333333,-0.265,1.12333333333333,-3.67625,-3.67625,-2.395,-2.395,3.325,3.325,-2.29125,-2.29125,-3.54375,-3.54375,3.93125,3.93125,-3.19125,-3.19125,-3.22125,-3.22125,-2.6625,-2.6625,-1.4625,-1.4625,-4.0375,-4.0375,-2.12625,-2.12625,-0.9925,-0.9925,-2.4,-2.4,-0.15375,-0.15375,-3.75625,-3.75625,-2.715,-2.715,-3.67,-3.67,-4.64125,-4.64125,1.445,1.445,0.17625,0.17625,92.769744160178,83.1007751937985,78.0867630700779,203.410852713178,114.349276974416,44.1860465116279,130.367074527252,25.5813953488372,87.9866518353726,94.7286821705426,90.5450500556174,42.9457364341085,83.3147942157953,76.8992248062015,92.4360400444939,81.0852713178294,70.4115684093437,96.4341085271318,72.5250278086763,16.2790697674419,149.388209121246,76.4341085271318,85.2057842046719,84.031007751938,118.020022246941,63.1007751937985,56.6184649610679,139.84496124031,101.11234705228,32.093023255814,117.797552836485,72.093023255814,98.1090100111235,60.3100775193798,101.446051167964,33.1782945736434,92.3248053392659,142.790697674419,110.678531701891,70.6976744186046,144.382647385984,99.8449612403101,0,0,0,0,0,0,1,1,1,1,1,1,1,1,1,1,1,1,0,0,0,0,1,1,1,1,1,1,0,0,0,0,0,0,0,0,0,0,0,0,0,0
5,"South",1236,1,6.64,0.846153846153846,22,-3.635,-3.07833333333333,-2.13833333333333,-2.72833333333333,3.185,3.04833333333333,-2.72,-1.51166666666667,-3.885,-0.095,4.01833333333333,2.79666666666667,-2.90833333333333,-3.78833333333333,-3.14166666666667,-3.11833333333333,-2.52,-3.08333333333333,-1.38833333333333,-1.92166666666667,-4.60166666666667,-2.33,-2.15,-2.32,-1.74,0.0416666666666667,-2.065,-3.70166666666667,-0.658333333333333,-0.251666666666667,-3.76666666666667,-3.31166666666667,-2.66166666666667,-3.32166666666667,-3.70833333333333,-3.57333333333333,-4.48666666666667,-4.08,1.505,2.08333333333333,-0.265,1.12333333333333,-3.67625,-3.67625,-2.395,-2.395,3.325,3.325,-2.29125,-2.29125,-3.54375,-3.54375,3.93125,3.93125,-3.19125,-3.19125,-3.22125,-3.22125,-2.6625,-2.6625,-1.4625,-1.4625,-4.0375,-4.0375,-2.12625,-2.12625,-0.9925,-0.9925,-2.4,-2.4,-0.15375,-0.15375,-3.75625,-3.75625,-2.715,-2.715,-3.67,-3.67,-4.64125,-4.64125,1.445,1.445,0.17625,0.17625,92.769744160178,83.1007751937985,78.0867630700779,203.410852713178,114.349276974416,44.1860465116279,130.367074527252,25.5813953488372,87.9866518353726,94.7286821705426,90.5450500556174,42.9457364341085,83.3147942157953,76.8992248062015,92.4360400444939,81.0852713178294,70.4115684093437,96.4341085271318,72.5250278086763,16.2790697674419,149.388209121246,76.4341085271318,85.2057842046719,84.031007751938,118.020022246941,63.1007751937985,56.6184649610679,139.84496124031,101.11234705228,32.093023255814,117.797552836485,72.093023255814,98.1090100111235,60.3100775193798,101.446051167964,33.1782945736434,92.3248053392659,142.790697674419,110.678531701891,70.6976744186046,144.382647385984,99.8449612403101,0,0,0,0,0,0,1,1,1,1,1,1,1,1,1,1,1,1,0,0,0,0,1,1,1,1,1,1,0,0,0,0,0,0,0,0,0,0,0,0,0,0
6,"South",1263,2,6.51,0.916666666666667,22,-3.635,-3.07833333333333,-2.13833333333333,-2.72833333333333,3.185,3.04833333333333,-2.72,-1.51166666666667,-3.885,-0.095,4.01833333333333,2.79666666666667,-2.90833333333333,-3.78833333333333,-3.14166666666667,-3.11833333333333,-2.52,-3.08333333333333,-1.38833333333333,-1.92166666666667,-4.60166666666667,-2.33,-2.15,-2.32,-1.74,0.0416666666666667,-2.065,-3.70166666666667,-0.658333333333333,-0.251666666666667,-3.76666666666667,-3.31166666666667,-2.66166666666667,-3.32166666666667,-3.70833333333333,-3.57333333333333,-4.48666666666667,-4.08,1.505,2.08333333333333,-0.265,1.12333333333333,-3.67625,-3.67625,-2.395,-2.395,3.325,3.325,-2.29125,-2.29125,-3.54375,-3.54375,3.93125,3.93125,-3.19125,-3.19125,-3.22125,-3.22125,-2.6625,-2.6625,-1.4625,-1.4625,-4.0375,-4.0375,-2.12625,-2.12625,-0.9925,-0.9925,-2.4,-2.4,-0.15375,-0.15375,-3.75625,-3.75625,-2.715,-2.715,-3.67,-3.67,-4.64125,-4.64125,1.445,1.445,0.17625,0.17625,92.769744160178,83.1007751937985,78.0867630700779,203.410852713178,114.349276974416,44.1860465116279,130.367074527252,25.5813953488372,87.9866518353726,94.7286821705426,90.5450500556174,42.9457364341085,83.3147942157953,76.8992248062015,92.4360400444939,81.0852713178294,70.4115684093437,96.4341085271318,72.5250278086763,16.2790697674419,149.388209121246,76.4341085271318,85.2057842046719,84.031007751938,118.020022246941,63.1007751937985,56.6184649610679,139.84496124031,101.11234705228,32.093023255814,117.797552836485,72.093023255814,98.1090100111235,60.3100775193798,101.446051167964,33.1782945736434,92.3248053392659,142.790697674419,110.678531701891,70.6976744186046,144.382647385984,99.8449612403101,0,0,0,0,0,0,1,1,1,1,1,1,1,1,1,1,1,1,0,0,0,0,1,1,1,1,1,1,0,0,0,0,0,0,0,0,0,0,0,0,0,0
7,"South",1327,1,6.15,0.888888888888889,22,-3.635,-3.07833333333333,-2.13833333333333,-2.72833333333333,3.185,3.04833333333333,-2.72,-1.51166666666667,-3.885,-0.095,4.01833333333333,2.79666666666667,-2.90833333333333,-3.78833333333333,-3.14166666666667,-3.11833333333333,-2.52,-3.08333333333333,-1.38833333333333,-1.92166666666667,-4.60166666666667,-2.33,-2.15,-2.32,-1.74,0.0416666666666667,-2.065,-3.70166666666667,-0.658333333333333,-0.251666666666667,-3.76666666666667,-3.31166666666667,-2.66166666666667,-3.32166666666667,-3.70833333333333,-3.57333333333333,-4.48666666666667,-4.08,1.505,2.08333333333333,-0.265,1.12333333333333,-3.67625,-3.67625,-2.395,-2.395,3.325,3.325,-2.29125,-2.29125,-3.54375,-3.54375,3.93125,3.93125,-3.19125,-3.19125,-3.22125,-3.22125,-2.6625,-2.6625,-1.4625,-1.4625,-4.0375,-4.0375,-2.12625,-2.12625,-0.9925,-0.9925,-2.4,-2.4,-0.15375,-0.15375,-3.75625,-3.75625,-2.715,-2.715,-3.67,-3.67,-4.64125,-4.64125,1.445,1.445,0.17625,0.17625,92.769744160178,83.1007751937985,78.0867630700779,203.410852713178,114.349276974416,44.1860465116279,130.367074527252,25.5813953488372,87.9866518353726,94.7286821705426,90.5450500556174,42.9457364341085,83.3147942157953,76.8992248062015,92.4360400444939,81.0852713178294,70.4115684093437,96.4341085271318,72.5250278086763,16.2790697674419,149.388209121246,76.4341085271318,85.2057842046719,84.031007751938,118.020022246941,63.1007751937985,56.6184649610679,139.84496124031,101.11234705228,32.093023255814,117.797552836485,72.093023255814,98.1090100111235,60.3100775193798,101.446051167964,33.1782945736434,92.3248053392659,142.790697674419,110.678531701891,70.6976744186046,144.382647385984,99.8449612403101,0,0,0,0,0,0,1,1,1,1,1,1,1,1,1,1,1,1,0,0,0,0,1,1,1,1,1,1,0,0,0,0,0,0,0,0,0,0,0,0,0,0
8,"South",1342,1,6.1,0.888888888888889,22,-3.635,-3.07833333333333,-2.13833333333333,-2.72833333333333,3.185,3.04833333333333,-2.72,-1.51166666666667,-3.885,-0.095,4.01833333333333,2.79666666666667,-2.90833333333333,-3.78833333333333,-3.14166666666667,-3.11833333333333,-2.52,-3.08333333333333,-1.38833333333333,-1.92166666666667,-4.60166666666667,-2.33,-2.15,-2.32,-1.74,0.0416666666666667,-2.065,-3.70166666666667,-0.658333333333333,-0.251666666666667,-3.76666666666667,-3.31166666666667,-2.66166666666667,-3.32166666666667,-3.70833333333333,-3.57333333333333,-4.48666666666667,-4.08,1.505,2.08333333333333,-0.265,1.12333333333333,-3.67625,-3.67625,-2.395,-2.395,3.325,3.325,-2.29125,-2.29125,-3.54375,-3.54375,3.93125,3.93125,-3.19125,-3.19125,-3.22125,-3.22125,-2.6625,-2.6625,-1.4625,-1.4625,-4.0375,-4.0375,-2.12625,-2.12625,-0.9925,-0.9925,-2.4,-2.4,-0.15375,-0.15375,-3.75625,-3.75625,-2.715,-2.715,-3.67,-3.67,-4.64125,-4.64125,1.445,1.445,0.17625,0.17625,92.769744160178,83.1007751937985,78.0867630700779,203.410852713178,114.349276974416,44.1860465116279,130.367074527252,25.5813953488372,87.9866518353726,94.7286821705426,90.5450500556174,42.9457364341085,83.3147942157953,76.8992248062015,92.4360400444939,81.0852713178294,70.4115684093437,96.4341085271318,72.5250278086763,16.2790697674419,149.388209121246,76.4341085271318,85.2057842046719,84.031007751938,118.020022246941,63.1007751937985,56.6184649610679,139.84496124031,101.11234705228,32.093023255814,117.797552836485,72.093023255814,98.1090100111235,60.3100775193798,101.446051167964,33.1782945736434,92.3248053392659,142.790697674419,110.678531701891,70.6976744186046,144.382647385984,99.8449612403101,0,0,0,0,0,0,1,1,1,1,1,1,1,1,1,1,1,1,0,0,0,0,1,1,1,1,1,1,0,0,0,0,0,0,0,0,0,0,0,0,0,0
9,"South",1357,1,5.95,0.777777777777778,22,-3.635,-3.07833333333333,-2.13833333333333,-2.72833333333333,3.185,3.04833333333333,-2.72,-1.51166666666667,-3.885,-0.095,4.01833333333333,2.79666666666667,-2.90833333333333,-3.78833333333333,-3.14166666666667,-3.11833333333333,-2.52,-3.08333333333333,-1.38833333333333,-1.92166666666667,-4.60166666666667,-2.33,-2.15,-2.32,-1.74,0.0416666666666667,-2.065,-3.70166666666667,-0.658333333333333,-0.251666666666667,-3.76666666666667,-3.31166666666667,-2.66166666666667,-3.32166666666667,-3.70833333333333,-3.57333333333333,-4.48666666666667,-4.08,1.505,2.08333333333333,-0.265,1.12333333333333,-3.67625,-3.67625,-2.395,-2.395,3.325,3.325,-2.29125,-2.29125,-3.54375,-3.54375,3.93125,3.93125,-3.19125,-3.19125,-3.22125,-3.22125,-2.6625,-2.6625,-1.4625,-1.4625,-4.0375,-4.0375,-2.12625,-2.12625,-0.9925,-0.9925,-2.4,-2.4,-0.15375,-0.15375,-3.75625,-3.75625,-2.715,-2.715,-3.67,-3.67,-4.64125,-4.64125,1.445,1.445,0.17625,0.17625,92.769744160178,83.1007751937985,78.0867630700779,203.410852713178,114.349276974416,44.1860465116279,130.367074527252,25.5813953488372,87.9866518353726,94.7286821705426,90.5450500556174,42.9457364341085,83.3147942157953,76.8992248062015,92.4360400444939,81.0852713178294,70.4115684093437,96.4341085271318,72.5250278086763,16.2790697674419,149.388209121246,76.4341085271318,85.2057842046719,84.031007751938,118.020022246941,63.1007751937985,56.6184649610679,139.84496124031,101.11234705228,32.093023255814,117.797552836485,72.093023255814,98.1090100111235,60.3100775193798,101.446051167964,33.1782945736434,92.3248053392659,142.790697674419,110.678531701891,70.6976744186046,144.382647385984,99.8449612403101,0,0,0,0,0,0,1,1,1,1,1,1,1,1,1,1,1,1,0,0,0,0,1,1,1,1,1,1,0,0,0,0,0,0,0,0,0,0,0,0,0,0
10,"South",1047,13,20.17,1,22,-3.65,-3.275,-2.47166666666667,-3.08833333333333,2.92,2.595,-2.86333333333333,-1.94,-4.235,-0.228333333333333,4.5,3.15666666666667,-3.13666666666667,-4.31166666666667,-3.50333333333333,-3.45166666666667,-2.43,-2.88833333333333,-1.28833333333333,-2.035,-4.72833333333333,-2.56333333333333,-2.23166666666667,-2.32333333333333,-1.76,0.551666666666667,-2.635,-4.095,-1.62166666666667,-0.665,-3.7,-3.65833333333333,-3.34833333333333,-4.11333333333333,-4.54,-4.33333333333333,-5.10333333333333,-5.035,-0.638333333333333,1.99833333333333,-0.593333333333333,-0.648333333333333,-3.69125,-3.69125,-2.7325,-2.7325,3.00875,3.00875,-2.5,-2.5,-3.945,-3.945,4.4225,4.4225,-3.4675,-3.4675,-3.5625,-3.5625,-2.53,-2.53,-1.4,-1.4,-4.16375,-4.16375,-2.1875,-2.1875,-0.915,-0.915,-2.92875,-2.92875,-0.85375,-0.85375,-3.7625,-3.7625,-3.455,-3.455,-4.50125,-4.50125,-5.3075,-5.3075,-0.17875,-0.17875,-0.6575,-0.6575,89.2070484581498,80.4915514592934,78.8546255506608,201.075268817204,108.370044052863,42.2427035330261,128.74449339207,27.9569892473118,89.0969162995595,94.1628264208909,85.1321585903084,42.5499231950845,83.920704845815,75.8832565284178,92.9515418502203,81.7204301075269,68.7224669603524,95.0844854070661,72.5770925110132,19.0476190476191,145.594713656388,75.4224270353303,87.8854625550661,87.0967741935484,124.779735682819,57.9109062980031,58.8105726872247,153.917050691244,91.5198237885463,42.2427035330261,114.537444933921,64.5161290322581,84.8017621145374,65.5913978494624,119.933920704846,31.9508448540707,90.3083700440529,149.155145929339,110.242290748899,67.1274961597542,133.259911894273,103.533026113671,0,0,0,0,0,0,0,0,0,0,0,0,0,0,0,0,0,0,0,0,0,0,0,0,0,0,0,0,0,0,0,0,0,0,0,0,0,0,0,0,0,0
11,"South",1072,8,20.04,0.857142857142857,22,-3.65,-3.275,-2.47166666666667,-3.08833333333333,2.92,2.595,-2.86333333333333,-1.94,-4.235,-0.228333333333333,4.5,3.15666666666667,-3.13666666666667,-4.31166666666667,-3.50333333333333,-3.45166666666667,-2.43,-2.88833333333333,-1.28833333333333,-2.035,-4.72833333333333,-2.56333333333333,-2.23166666666667,-2.32333333333333,-1.76,0.551666666666667,-2.635,-4.095,-1.62166666666667,-0.665,-3.7,-3.65833333333333,-3.34833333333333,-4.11333333333333,-4.54,-4.33333333333333,-5.10333333333333,-5.035,-0.638333333333333,1.99833333333333,-0.593333333333333,-0.648333333333333,-3.69125,-3.69125,-2.7325,-2.7325,3.00875,3.00875,-2.5,-2.5,-3.945,-3.945,4.4225,4.4225,-3.4675,-3.4675,-3.5625,-3.5625,-2.53,-2.53,-1.4,-1.4,-4.16375,-4.16375,-2.1875,-2.1875,-0.915,-0.915,-2.92875,-2.92875,-0.85375,-0.85375,-3.7625,-3.7625,-3.455,-3.455,-4.50125,-4.50125,-5.3075,-5.3075,-0.17875,-0.17875,-0.6575,-0.6575,89.2070484581498,80.4915514592934,78.8546255506608,201.075268817204,108.370044052863,42.2427035330261,128.74449339207,27.9569892473118,89.0969162995595,94.1628264208909,85.1321585903084,42.5499231950845,83.920704845815,75.8832565284178,92.9515418502203,81.7204301075269,68.7224669603524,95.0844854070661,72.5770925110132,19.0476190476191,145.594713656388,75.4224270353303,87.8854625550661,87.0967741935484,124.779735682819,57.9109062980031,58.8105726872247,153.917050691244,91.5198237885463,42.2427035330261,114.537444933921,64.5161290322581,84.8017621145374,65.5913978494624,119.933920704846,31.9508448540707,90.3083700440529,149.155145929339,110.242290748899,67.1274961597542,133.259911894273,103.533026113671,0,0,0,0,0,0,0,0,0,0,0,0,0,0,0,0,0,0,0,0,0,0,0,0,0,0,0,0,0,0,0,0,0,0,0,0,0,0,0,0,0,0
12,"South",1022,4,13.73,1,22,-3.65,-3.275,-2.47166666666667,-3.08833333333333,2.92,2.595,-2.86333333333333,-1.94,-4.235,-0.228333333333333,4.5,3.15666666666667,-3.13666666666667,-4.31166666666667,-3.50333333333333,-3.45166666666667,-2.43,-2.88833333333333,-1.28833333333333,-2.035,-4.72833333333333,-2.56333333333333,-2.23166666666667,-2.32333333333333,-1.76,0.551666666666667,-2.635,-4.095,-1.62166666666667,-0.665,-3.7,-3.65833333333333,-3.34833333333333,-4.11333333333333,-4.54,-4.33333333333333,-5.10333333333333,-5.035,-0.638333333333333,1.99833333333333,-0.593333333333333,-0.648333333333333,-3.69125,-3.69125,-2.7325,-2.7325,3.00875,3.00875,-2.5,-2.5,-3.945,-3.945,4.4225,4.4225,-3.4675,-3.4675,-3.5625,-3.5625,-2.53,-2.53,-1.4,-1.4,-4.16375,-4.16375,-2.1875,-2.1875,-0.915,-0.915,-2.92875,-2.92875,-0.85375,-0.85375,-3.7625,-3.7625,-3.455,-3.455,-4.50125,-4.50125,-5.3075,-5.3075,-0.17875,-0.17875,-0.6575,-0.6575,90.0212314225053,79.6433878157504,76.8577494692144,202.526002971768,104.033970276008,41.1589895988113,130.36093418259,28.6775631500743,90.6581740976646,95.3937592867756,83.0148619957537,41.9019316493314,80.7855626326964,75.9286775631501,93.0997876857749,83.9524517087667,69.4267515923567,93.6106983655275,72.2929936305732,19.7622585438336,147.452229299363,76.2258543833581,87.5796178343949,90.3417533432392,127.282377919321,55.1263001485884,59.2356687898089,165.081723625557,86.3057324840764,43.3878157503715,112.632696390658,61.3670133729569,80.9978768577495,65.5274888558693,124.416135881104,30.1634472511144,86.7303609341826,150.222882615156,112.526539278132,65.8246656760773,126.114649681529,97.0282317979198,1,1,1,1,1,1,1,1,1,1,1,1,1,1,1,1,1,1,0,0,0,0,0,0,0,0,0,0,0,0,0,0,0,0,0,0,0,0,0,0,0,0
13,"South",1058,1,12.9,0.777777777777778,22,-3.65,-3.275,-2.47166666666667,-3.08833333333333,2.92,2.595,-2.86333333333333,-1.94,-4.235,-0.228333333333333,4.5,3.15666666666667,-3.13666666666667,-4.31166666666667,-3.50333333333333,-3.45166666666667,-2.43,-2.88833333333333,-1.28833333333333,-2.035,-4.72833333333333,-2.56333333333333,-2.23166666666667,-2.32333333333333,-1.76,0.551666666666667,-2.635,-4.095,-1.62166666666667,-0.665,-3.7,-3.65833333333333,-3.34833333333333,-4.11333333333333,-4.54,-4.33333333333333,-5.10333333333333,-5.035,-0.638333333333333,1.99833333333333,-0.593333333333333,-0.648333333333333,-3.69125,-3.69125,-2.7325,-2.7325,3.00875,3.00875,-2.5,-2.5,-3.945,-3.945,4.4225,4.4225,-3.4675,-3.4675,-3.5625,-3.5625,-2.53,-2.53,-1.4,-1.4,-4.16375,-4.16375,-2.1875,-2.1875,-0.915,-0.915,-2.92875,-2.92875,-0.85375,-0.85375,-3.7625,-3.7625,-3.455,-3.455,-4.50125,-4.50125,-5.3075,-5.3075,-0.17875,-0.17875,-0.6575,-0.6575,90.0212314225053,79.6433878157504,76.8577494692144,202.526002971768,104.033970276008,41.1589895988113,130.36093418259,28.6775631500743,90.6581740976646,95.3937592867756,83.0148619957537,41.9019316493314,80.7855626326964,75.9286775631501,93.0997876857749,83.9524517087667,69.4267515923567,93.6106983655275,72.2929936305732,19.7622585438336,147.452229299363,76.2258543833581,87.5796178343949,90.3417533432392,127.282377919321,55.1263001485884,59.2356687898089,165.081723625557,86.3057324840764,43.3878157503715,112.632696390658,61.3670133729569,80.9978768577495,65.5274888558693,124.416135881104,30.1634472511144,86.7303609341826,150.222882615156,112.526539278132,65.8246656760773,126.114649681529,97.0282317979198,1,1,1,1,1,1,1,1,1,1,1,1,1,1,1,1,1,1,0,0,0,0,0,0,0,0,0,0,0,0,0,0,0,0,0,0,0,0,0,0,0,0
14,"South",1100,4,7.3,0.928571428571429,22,-3.65,-3.275,-2.47166666666667,-3.08833333333333,2.92,2.595,-2.86333333333333,-1.94,-4.235,-0.228333333333333,4.5,3.15666666666667,-3.13666666666667,-4.31166666666667,-3.50333333333333,-3.45166666666667,-2.43,-2.88833333333333,-1.28833333333333,-2.035,-4.72833333333333,-2.56333333333333,-2.23166666666667,-2.32333333333333,-1.76,0.551666666666667,-2.635,-4.095,-1.62166666666667,-0.665,-3.7,-3.65833333333333,-3.34833333333333,-4.11333333333333,-4.54,-4.33333333333333,-5.10333333333333,-5.035,-0.638333333333333,1.99833333333333,-0.593333333333333,-0.648333333333333,-3.69125,-3.69125,-2.7325,-2.7325,3.00875,3.00875,-2.5,-2.5,-3.945,-3.945,4.4225,4.4225,-3.4675,-3.4675,-3.5625,-3.5625,-2.53,-2.53,-1.4,-1.4,-4.16375,-4.16375,-2.1875,-2.1875,-0.915,-0.915,-2.92875,-2.92875,-0.85375,-0.85375,-3.7625,-3.7625,-3.455,-3.455,-4.50125,-4.50125,-5.3075,-5.3075,-0.17875,-0.17875,-0.6575,-0.6575,90.0212314225053,79.6433878157504,76.8577494692144,202.526002971768,104.033970276008,41.1589895988113,130.36093418259,28.6775631500743,90.6581740976646,95.3937592867756,83.0148619957537,41.9019316493314,80.7855626326964,75.9286775631501,93.0997876857749,83.9524517087667,69.4267515923567,93.6106983655275,72.2929936305732,19.7622585438336,147.452229299363,76.2258543833581,87.5796178343949,90.3417533432392,127.282377919321,55.1263001485884,59.2356687898089,165.081723625557,86.3057324840764,43.3878157503715,112.632696390658,61.3670133729569,80.9978768577495,65.5274888558693,124.416135881104,30.1634472511144,86.7303609341826,150.222882615156,112.526539278132,65.8246656760773,126.114649681529,97.0282317979198,1,1,1,1,1,1,1,1,1,1,1,1,1,1,1,1,1,1,0,0,0,0,0,0,0,0,0,0,0,0,0,0,0,0,0,0,0,0,0,0,0,0
15,"South",1183,5,7.04,0.769230769230769,22,-3.65,-3.275,-2.47166666666667,-3.08833333333333,2.92,2.595,-2.86333333333333,-1.94,-4.235,-0.228333333333333,4.5,3.15666666666667,-3.13666666666667,-4.31166666666667,-3.50333333333333,-3.45166666666667,-2.43,-2.88833333333333,-1.28833333333333,-2.035,-4.72833333333333,-2.56333333333333,-2.23166666666667,-2.32333333333333,-1.76,0.551666666666667,-2.635,-4.095,-1.62166666666667,-0.665,-3.7,-3.65833333333333,-3.34833333333333,-4.11333333333333,-4.54,-4.33333333333333,-5.10333333333333,-5.035,-0.638333333333333,1.99833333333333,-0.593333333333333,-0.648333333333333,-3.69125,-3.69125,-2.7325,-2.7325,3.00875,3.00875,-2.5,-2.5,-3.945,-3.945,4.4225,4.4225,-3.4675,-3.4675,-3.5625,-3.5625,-2.53,-2.53,-1.4,-1.4,-4.16375,-4.16375,-2.1875,-2.1875,-0.915,-0.915,-2.92875,-2.92875,-0.85375,-0.85375,-3.7625,-3.7625,-3.455,-3.455,-4.50125,-4.50125,-5.3075,-5.3075,-0.17875,-0.17875,-0.6575,-0.6575,90.0212314225053,79.6433878157504,76.8577494692144,202.526002971768,104.033970276008,41.1589895988113,130.36093418259,28.6775631500743,90.6581740976646,95.3937592867756,83.0148619957537,41.9019316493314,80.7855626326964,75.9286775631501,93.0997876857749,83.9524517087667,69.4267515923567,93.6106983655275,72.2929936305732,19.7622585438336,147.452229299363,76.2258543833581,87.5796178343949,90.3417533432392,127.282377919321,55.1263001485884,59.2356687898089,165.081723625557,86.3057324840764,43.3878157503715,112.632696390658,61.3670133729569,80.9978768577495,65.5274888558693,124.416135881104,30.1634472511144,86.7303609341826,150.222882615156,112.526539278132,65.8246656760773,126.114649681529,97.0282317979198,1,1,1,1,1,1,1,1,1,1,1,1,1,1,1,1,1,1,0,0,0,0,0,0,0,0,0,0,0,0,0,0,0,0,0,0,0,0,0,0,0,0
16,"South",1173,4,4.64,0.928571428571429,22,-3.65,-3.275,-2.47166666666667,-3.08833333333333,2.92,2.595,-2.86333333333333,-1.94,-4.235,-0.228333333333333,4.5,3.15666666666667,-3.13666666666667,-4.31166666666667,-3.50333333333333,-3.45166666666667,-2.43,-2.88833333333333,-1.28833333333333,-2.035,-4.72833333333333,-2.56333333333333,-2.23166666666667,-2.32333333333333,-1.76,0.551666666666667,-2.635,-4.095,-1.62166666666667,-0.665,-3.7,-3.65833333333333,-3.34833333333333,-4.11333333333333,-4.54,-4.33333333333333,-5.10333333333333,-5.035,-0.638333333333333,1.99833333333333,-0.593333333333333,-0.648333333333333,-3.69125,-3.69125,-2.7325,-2.7325,3.00875,3.00875,-2.5,-2.5,-3.945,-3.945,4.4225,4.4225,-3.4675,-3.4675,-3.5625,-3.5625,-2.53,-2.53,-1.4,-1.4,-4.16375,-4.16375,-2.1875,-2.1875,-0.915,-0.915,-2.92875,-2.92875,-0.85375,-0.85375,-3.7625,-3.7625,-3.455,-3.455,-4.50125,-4.50125,-5.3075,-5.3075,-0.17875,-0.17875,-0.6575,-0.6575,90.0212314225053,79.6433878157504,76.8577494692144,202.526002971768,104.033970276008,41.1589895988113,130.36093418259,28.6775631500743,90.6581740976646,95.3937592867756,83.0148619957537,41.9019316493314,80.7855626326964,75.9286775631501,93.0997876857749,83.9524517087667,69.4267515923567,93.6106983655275,72.2929936305732,19.7622585438336,147.452229299363,76.2258543833581,87.5796178343949,90.3417533432392,127.282377919321,55.1263001485884,59.2356687898089,165.081723625557,86.3057324840764,43.3878157503715,112.632696390658,61.3670133729569,80.9978768577495,65.5274888558693,124.416135881104,30.1634472511144,86.7303609341826,150.222882615156,112.526539278132,65.8246656760773,126.114649681529,97.0282317979198,1,1,1,1,1,1,1,1,1,1,1,1,1,1,1,1,1,1,0,0,0,0,0,0,0,0,0,0,0,0,0,0,0,0,0,0,0,0,0,0,0,0
17,"South",1014,1,32.9,1,22,-3.145,-2.75,-2.16333333333333,-2.31,2.945,2.08666666666667,-2.095,-0.206666666666667,-3.22333333333333,0.858333333333333,4.36833333333333,1.99833333333333,-3.50666666666667,-4.72833333333333,-3.965,-3.71,-1.88166666666667,-1.76166666666667,-0.196666666666667,-2.39833333333333,-4.71666666666667,-2.035,-1.60166666666667,-1.52166666666667,-1.62833333333333,0.586666666666667,-2.22833333333333,-3.59833333333333,-1.845,-1.91666666666667,-3.77,-3.75,-4.12166666666667,-4.82166666666667,-5.40166666666667,-5.09166666666667,-5.365,-5.25166666666667,-0.606666666666667,2.67666666666667,0.583333333333333,-0.265,-3.11125,-3.11125,-2.3225,-2.3225,2.89625,2.89625,-1.51,-1.51,-2.8925,-2.8925,4.2,4.2,-3.76375,-3.76375,-3.935,-3.935,-1.78375,-1.78375,-0.61,-0.61,-4.06375,-4.06375,-1.49125,-1.49125,-0.81625,-0.81625,-2.4225,-2.4225,-1.61875,-1.61875,-3.75875,-3.75875,-4.175,-4.175,-5.3075,-5.3075,-5.5225,-5.5225,-0.0162500000000001,-0.0162500000000001,0.19625,0.19625,89.0503875968992,81.5584415584416,78.4883720930232,194.155844155844,102.03488372093,42.4675324675325,129.263565891473,29.7402597402597,97.7713178294574,95.974025974026,79.0697674418605,43.8961038961039,76.937984496124,75.5844155844156,90.5038759689922,91.9480519480519,66.4728682170543,94.6753246753247,70.4457364341085,19.8701298701299,147.577519379845,84.025974025974,91.0852713178295,93.7662337662338,125.77519379845,51.2987012987013,63.2751937984496,160,84.1085271317829,50.9090909090909,107.751937984496,52.3376623376623,76.6472868217054,65.4545454545455,123.062015503876,32.4675324675325,84.8837209302326,154.415584415584,118.12015503876,61.1688311688312,121.220930232558,89.0909090909091,1,1,1,1,1,1,1,1,1,1,1,1,1,1,1,1,1,1,0,0,0,0,1,1,1,1,1,1,1,1,1,1,1,1,1,1,1,1,1,1,1,1
18,"South",1035,1,28.02,0.470588235294118,22,-3.145,-2.75,-2.16333333333333,-2.31,2.945,2.08666666666667,-2.095,-0.206666666666667,-3.22333333333333,0.858333333333333,4.36833333333333,1.99833333333333,-3.50666666666667,-4.72833333333333,-3.965,-3.71,-1.88166666666667,-1.76166666666667,-0.196666666666667,-2.39833333333333,-4.71666666666667,-2.035,-1.60166666666667,-1.52166666666667,-1.62833333333333,0.586666666666667,-2.22833333333333,-3.59833333333333,-1.845,-1.91666666666667,-3.77,-3.75,-4.12166666666667,-4.82166666666667,-5.40166666666667,-5.09166666666667,-5.365,-5.25166666666667,-0.606666666666667,2.67666666666667,0.583333333333333,-0.265,-3.11125,-3.11125,-2.3225,-2.3225,2.89625,2.89625,-1.51,-1.51,-2.8925,-2.8925,4.2,4.2,-3.76375,-3.76375,-3.935,-3.935,-1.78375,-1.78375,-0.61,-0.61,-4.06375,-4.06375,-1.49125,-1.49125,-0.81625,-0.81625,-2.4225,-2.4225,-1.61875,-1.61875,-3.75875,-3.75875,-4.175,-4.175,-5.3075,-5.3075,-5.5225,-5.5225,-0.0162500000000001,-0.0162500000000001,0.19625,0.19625,89.0503875968992,81.5584415584416,78.4883720930232,194.155844155844,102.03488372093,42.4675324675325,129.263565891473,29.7402597402597,97.7713178294574,95.974025974026,79.0697674418605,43.8961038961039,76.937984496124,75.5844155844156,90.5038759689922,91.9480519480519,66.4728682170543,94.6753246753247,70.4457364341085,19.8701298701299,147.577519379845,84.025974025974,91.0852713178295,93.7662337662338,125.77519379845,51.2987012987013,63.2751937984496,160,84.1085271317829,50.9090909090909,107.751937984496,52.3376623376623,76.6472868217054,65.4545454545455,123.062015503876,32.4675324675325,84.8837209302326,154.415584415584,118.12015503876,61.1688311688312,121.220930232558,89.0909090909091,1,1,1,1,1,1,1,1,1,1,1,1,1,1,1,1,1,1,0,0,0,0,1,1,1,1,1,1,1,1,1,1,1,1,1,1,1,1,1,1,1,1
19,"South",1041,3,27.81,0.944444444444444,22,-3.145,-2.75,-2.16333333333333,-2.31,2.945,2.08666666666667,-2.095,-0.206666666666667,-3.22333333333333,0.858333333333333,4.36833333333333,1.99833333333333,-3.50666666666667,-4.72833333333333,-3.965,-3.71,-1.88166666666667,-1.76166666666667,-0.196666666666667,-2.39833333333333,-4.71666666666667,-2.035,-1.60166666666667,-1.52166666666667,-1.62833333333333,0.586666666666667,-2.22833333333333,-3.59833333333333,-1.845,-1.91666666666667,-3.77,-3.75,-4.12166666666667,-4.82166666666667,-5.40166666666667,-5.09166666666667,-5.365,-5.25166666666667,-0.606666666666667,2.67666666666667,0.583333333333333,-0.265,-3.11125,-3.11125,-2.3225,-2.3225,2.89625,2.89625,-1.51,-1.51,-2.8925,-2.8925,4.2,4.2,-3.76375,-3.76375,-3.935,-3.935,-1.78375,-1.78375,-0.61,-0.61,-4.06375,-4.06375,-1.49125,-1.49125,-0.81625,-0.81625,-2.4225,-2.4225,-1.61875,-1.61875,-3.75875,-3.75875,-4.175,-4.175,-5.3075,-5.3075,-5.5225,-5.5225,-0.0162500000000001,-0.0162500000000001,0.19625,0.19625,89.0503875968992,81.5584415584416,78.4883720930232,194.155844155844,102.03488372093,42.4675324675325,129.263565891473,29.7402597402597,97.7713178294574,95.974025974026,79.0697674418605,43.8961038961039,76.937984496124,75.5844155844156,90.5038759689922,91.9480519480519,66.4728682170543,94.6753246753247,70.4457364341085,19.8701298701299,147.577519379845,84.025974025974,91.0852713178295,93.7662337662338,125.77519379845,51.2987012987013,63.2751937984496,160,84.1085271317829,50.9090909090909,107.751937984496,52.3376623376623,76.6472868217054,65.4545454545455,123.062015503876,32.4675324675325,84.8837209302326,154.415584415584,118.12015503876,61.1688311688312,121.220930232558,89.0909090909091,1,1,1,1,1,1,1,1,1,1,1,1,1,1,1,1,1,1,0,0,0,0,1,1,1,1,1,1,1,1,1,1,1,1,1,1,1,1,1,1,1,1
20,"South",1160,5,10.18,0.933333333333333,22,-3.145,-2.75,-2.16333333333333,-2.31,2.945,2.08666666666667,-2.095,-0.206666666666667,-3.22333333333333,0.858333333333333,4.36833333333333,1.99833333333333,-3.50666666666667,-4.72833333333333,-3.965,-3.71,-1.88166666666667,-1.76166666666667,-0.196666666666667,-2.39833333333333,-4.71666666666667,-2.035,-1.60166666666667,-1.52166666666667,-1.62833333333333,0.586666666666667,-2.22833333333333,-3.59833333333333,-1.845,-1.91666666666667,-3.77,-3.75,-4.12166666666667,-4.82166666666667,-5.40166666666667,-5.09166666666667,-5.365,-5.25166666666667,-0.606666666666667,2.67666666666667,0.583333333333333,-0.265,-3.11125,-3.11125,-2.3225,-2.3225,2.89625,2.89625,-1.51,-1.51,-2.8925,-2.8925,4.2,4.2,-3.76375,-3.76375,-3.935,-3.935,-1.78375,-1.78375,-0.61,-0.61,-4.06375,-4.06375,-1.49125,-1.49125,-0.81625,-0.81625,-2.4225,-2.4225,-1.61875,-1.61875,-3.75875,-3.75875,-4.175,-4.175,-5.3075,-5.3075,-5.5225,-5.5225,-0.0162500000000001,-0.0162500000000001,0.19625,0.19625,89.0503875968992,81.5584415584416,78.4883720930232,194.155844155844,102.03488372093,42.4675324675325,129.263565891473,29.7402597402597,97.7713178294574,95.974025974026,79.0697674418605,43.8961038961039,76.937984496124,75.5844155844156,90.5038759689922,91.9480519480519,66.4728682170543,94.6753246753247,70.4457364341085,19.8701298701299,147.577519379845,84.025974025974,91.0852713178295,93.7662337662338,125.77519379845,51.2987012987013,63.2751937984496,160,84.1085271317829,50.9090909090909,107.751937984496,52.3376623376623,76.6472868217054,65.4545454545455,123.062015503876,32.4675324675325,84.8837209302326,154.415584415584,118.12015503876,61.1688311688312,121.220930232558,89.0909090909091,1,1,1,1,1,1,1,1,1,1,1,1,1,1,1,1,1,1,0,0,0,0,1,1,1,1,1,1,1,1,1,1,1,1,1,1,1,1,1,1,1,1
21,"South",1225,2,3.9,1,22,-3.145,-2.75,-2.16333333333333,-2.31,2.945,2.08666666666667,-2.095,-0.206666666666667,-3.22333333333333,0.858333333333333,4.36833333333333,1.99833333333333,-3.50666666666667,-4.72833333333333,-3.965,-3.71,-1.88166666666667,-1.76166666666667,-0.196666666666667,-2.39833333333333,-4.71666666666667,-2.035,-1.60166666666667,-1.52166666666667,-1.62833333333333,0.586666666666667,-2.22833333333333,-3.59833333333333,-1.845,-1.91666666666667,-3.77,-3.75,-4.12166666666667,-4.82166666666667,-5.40166666666667,-5.09166666666667,-5.365,-5.25166666666667,-0.606666666666667,2.67666666666667,0.583333333333333,-0.265,-3.11125,-3.11125,-2.3225,-2.3225,2.89625,2.89625,-1.51,-1.51,-2.8925,-2.8925,4.2,4.2,-3.76375,-3.76375,-3.935,-3.935,-1.78375,-1.78375,-0.61,-0.61,-4.06375,-4.06375,-1.49125,-1.49125,-0.81625,-0.81625,-2.4225,-2.4225,-1.61875,-1.61875,-3.75875,-3.75875,-4.175,-4.175,-5.3075,-5.3075,-5.5225,-5.5225,-0.0162500000000001,-0.0162500000000001,0.19625,0.19625,89.0503875968992,81.5584415584416,78.4883720930232,194.155844155844,102.03488372093,42.4675324675325,129.263565891473,29.7402597402597,97.7713178294574,95.974025974026,79.0697674418605,43.8961038961039,76.937984496124,75.5844155844156,90.5038759689922,91.9480519480519,66.4728682170543,94.6753246753247,70.4457364341085,19.8701298701299,147.577519379845,84.025974025974,91.0852713178295,93.7662337662338,125.77519379845,51.2987012987013,63.2751937984496,160,84.1085271317829,50.9090909090909,107.751937984496,52.3376623376623,76.6472868217054,65.4545454545455,123.062015503876,32.4675324675325,84.8837209302326,154.415584415584,118.12015503876,61.1688311688312,121.220930232558,89.0909090909091,1,1,1,1,1,1,1,1,1,1,1,1,1,1,1,1,1,1,0,0,0,0,1,1,1,1,1,1,1,1,1,1,1,1,1,1,1,1,1,1,1,1
22,"South",1112,8,7.22,1,22,-3.145,-2.75,-2.16333333333333,-2.31,2.945,2.08666666666667,-2.095,-0.206666666666667,-3.22333333333333,0.858333333333333,4.36833333333333,1.99833333333333,-3.50666666666667,-4.72833333333333,-3.965,-3.71,-1.88166666666667,-1.76166666666667,-0.196666666666667,-2.39833333333333,-4.71666666666667,-2.035,-1.60166666666667,-1.52166666666667,-1.62833333333333,0.586666666666667,-2.22833333333333,-3.59833333333333,-1.845,-1.91666666666667,-3.77,-3.75,-4.12166666666667,-4.82166666666667,-5.40166666666667,-5.09166666666667,-5.365,-5.25166666666667,-0.606666666666667,2.67666666666667,0.583333333333333,-0.265,-3.11125,-3.11125,-2.3225,-2.3225,2.89625,2.89625,-1.51,-1.51,-2.8925,-2.8925,4.2,4.2,-3.76375,-3.76375,-3.935,-3.935,-1.78375,-1.78375,-0.61,-0.61,-4.06375,-4.06375,-1.49125,-1.49125,-0.81625,-0.81625,-2.4225,-2.4225,-1.61875,-1.61875,-3.75875,-3.75875,-4.175,-4.175,-5.3075,-5.3075,-5.5225,-5.5225,-0.0162500000000001,-0.0162500000000001,0.19625,0.19625,89.0503875968992,81.5584415584416,78.4883720930232,194.155844155844,102.03488372093,42.4675324675325,129.263565891473,29.7402597402597,97.7713178294574,95.974025974026,79.0697674418605,43.8961038961039,76.937984496124,75.5844155844156,90.5038759689922,91.9480519480519,66.4728682170543,94.6753246753247,70.4457364341085,19.8701298701299,147.577519379845,84.025974025974,91.0852713178295,93.7662337662338,125.77519379845,51.2987012987013,63.2751937984496,160,84.1085271317829,50.9090909090909,107.751937984496,52.3376623376623,76.6472868217054,65.4545454545455,123.062015503876,32.4675324675325,84.8837209302326,154.415584415584,118.12015503876,61.1688311688312,121.220930232558,89.0909090909091,1,1,1,1,1,1,1,1,1,1,1,1,1,1,1,1,1,1,0,0,0,0,1,1,1,1,1,1,1,1,1,1,1,1,1,1,1,1,1,1,1,1
23,"South",1220,10,6.86,1,22,-3.145,-2.75,-2.16333333333333,-2.31,2.945,2.08666666666667,-2.095,-0.206666666666667,-3.22333333333333,0.858333333333333,4.36833333333333,1.99833333333333,-3.50666666666667,-4.72833333333333,-3.965,-3.71,-1.88166666666667,-1.76166666666667,-0.196666666666667,-2.39833333333333,-4.71666666666667,-2.035,-1.60166666666667,-1.52166666666667,-1.62833333333333,0.586666666666667,-2.22833333333333,-3.59833333333333,-1.845,-1.91666666666667,-3.77,-3.75,-4.12166666666667,-4.82166666666667,-5.40166666666667,-5.09166666666667,-5.365,-5.25166666666667,-0.606666666666667,2.67666666666667,0.583333333333333,-0.265,-3.11125,-3.11125,-2.3225,-2.3225,2.89625,2.89625,-1.51,-1.51,-2.8925,-2.8925,4.2,4.2,-3.76375,-3.76375,-3.935,-3.935,-1.78375,-1.78375,-0.61,-0.61,-4.06375,-4.06375,-1.49125,-1.49125,-0.81625,-0.81625,-2.4225,-2.4225,-1.61875,-1.61875,-3.75875,-3.75875,-4.175,-4.175,-5.3075,-5.3075,-5.5225,-5.5225,-0.0162500000000001,-0.0162500000000001,0.19625,0.19625,89.0503875968992,81.5584415584416,78.4883720930232,194.155844155844,102.03488372093,42.4675324675325,129.263565891473,29.7402597402597,97.7713178294574,95.974025974026,79.0697674418605,43.8961038961039,76.937984496124,75.5844155844156,90.5038759689922,91.9480519480519,66.4728682170543,94.6753246753247,70.4457364341085,19.8701298701299,147.577519379845,84.025974025974,91.0852713178295,93.7662337662338,125.77519379845,51.2987012987013,63.2751937984496,160,84.1085271317829,50.9090909090909,107.751937984496,52.3376623376623,76.6472868217054,65.4545454545455,123.062015503876,32.4675324675325,84.8837209302326,154.415584415584,118.12015503876,61.1688311688312,121.220930232558,89.0909090909091,1,1,1,1,1,1,1,1,1,1,1,1,1,1,1,1,1,1,0,0,0,0,1,1,1,1,1,1,1,1,1,1,1,1,1,1,1,1,1,1,1,1
24,"North",1158,1,18.11,0.428571428571429,31,-3.26166666666667,-2.895,-1.92666666666667,-2.28666666666667,3.35666666666667,2.755,-2.79333333333333,-1.525,-3.58833333333333,0.0066666666666666,4.3,3.115,-2.87166666666667,-3.81666666666667,-3.045,-3.01166666666667,-1.74,-2.21166666666667,0.606666666666667,-1.03833333333333,-4.04333333333333,-2.05666666666667,-1.85,-2.105,-1.315,-0.015,-2.145,-3.71333333333333,0.37,0.103333333333333,-3.17666666666667,-2.93333333333333,-2.445,-3.08166666666667,-3.015,-2.98,-3.80333333333333,-3.51,0.488333333333333,1.625,-0.181666666666667,-0.246666666666667,-3.32,-3.32,-2.1225,-2.1225,3.375,3.375,-2.36125,-2.36125,-3.30125,-3.30125,4.24125,4.24125,-3.165,-3.165,-3.0975,-3.0975,-1.83375,-1.83375,0.20625,0.20625,-3.5575,-3.5575,-1.82625,-1.82625,-0.675,-0.675,-2.47,-2.47,0.74625,0.74625,-3.16875,-3.16875,-2.485,-2.485,-2.96625,-2.96625,-3.95625,-3.95625,0.46125,0.46125,-0.3575,-0.3575,91.7109458023379,80.2752293577982,74.2826780021254,196.788990825688,102.763018065887,44.4954128440367,132.518597236982,29.0519877675841,88.7353878852285,96.6360856269113,84.0595111583422,39.9082568807339,76.1955366631243,74.3119266055046,92.0297555791711,83.9449541284404,66.5249734325186,95.2599388379205,74.9202975557917,19.4189602446483,151.859723698193,73.2415902140673,76.1955366631243,102.752293577982,127.736450584485,55.9633027522936,49.4155154091392,179.204892966361,82.6780021253985,44.0366972477064,110.520722635494,64.6788990825688,85.5472901168969,65.2905198776758,110.520722635494,33.3333333333333,89.2667375132837,132.110091743119,129.543039319872,72.3241590214067,109.776833156217,81.9571865443425,0,0,0,0,0,0,0,0,0,0,0,0,0,0,0,0,1,1,1,2,2,2,2,2,2,2,2,2,2,2,1,1,1,1,1,1,1,1,1,1,1,1
25,"North",1194,1,17.86,0.307692307692308,31,-3.26166666666667,-2.895,-1.92666666666667,-2.28666666666667,3.35666666666667,2.755,-2.79333333333333,-1.525,-3.58833333333333,0.0066666666666666,4.3,3.115,-2.87166666666667,-3.81666666666667,-3.045,-3.01166666666667,-1.74,-2.21166666666667,0.606666666666667,-1.03833333333333,-4.04333333333333,-2.05666666666667,-1.85,-2.105,-1.315,-0.015,-2.145,-3.71333333333333,0.37,0.103333333333333,-3.17666666666667,-2.93333333333333,-2.445,-3.08166666666667,-3.015,-2.98,-3.80333333333333,-3.51,0.488333333333333,1.625,-0.181666666666667,-0.246666666666667,-3.32,-3.32,-2.1225,-2.1225,3.375,3.375,-2.36125,-2.36125,-3.30125,-3.30125,4.24125,4.24125,-3.165,-3.165,-3.0975,-3.0975,-1.83375,-1.83375,0.20625,0.20625,-3.5575,-3.5575,-1.82625,-1.82625,-0.675,-0.675,-2.47,-2.47,0.74625,0.74625,-3.16875,-3.16875,-2.485,-2.485,-2.96625,-2.96625,-3.95625,-3.95625,0.46125,0.46125,-0.3575,-0.3575,91.7109458023379,80.2752293577982,74.2826780021254,196.788990825688,102.763018065887,44.4954128440367,132.518597236982,29.0519877675841,88.7353878852285,96.6360856269113,84.0595111583422,39.9082568807339,76.1955366631243,74.3119266055046,92.0297555791711,83.9449541284404,66.5249734325186,95.2599388379205,74.9202975557917,19.4189602446483,151.859723698193,73.2415902140673,76.1955366631243,102.752293577982,127.736450584485,55.9633027522936,49.4155154091392,179.204892966361,82.6780021253985,44.0366972477064,110.520722635494,64.6788990825688,85.5472901168969,65.2905198776758,110.520722635494,33.3333333333333,89.2667375132837,132.110091743119,129.543039319872,72.3241590214067,109.776833156217,81.9571865443425,0,0,0,0,0,0,0,0,0,0,0,0,0,0,0,0,1,1,1,2,2,2,2,2,2,2,2,2,2,2,1,1,1,1,1,1,1,1,1,1,1,1
26,"North",1220,7,17.26,1,31,-3.26166666666667,-2.895,-1.92666666666667,-2.28666666666667,3.35666666666667,2.755,-2.79333333333333,-1.525,-3.58833333333333,0.0066666666666666,4.3,3.115,-2.87166666666667,-3.81666666666667,-3.045,-3.01166666666667,-1.74,-2.21166666666667,0.606666666666667,-1.03833333333333,-4.04333333333333,-2.05666666666667,-1.85,-2.105,-1.315,-0.015,-2.145,-3.71333333333333,0.37,0.103333333333333,-3.17666666666667,-2.93333333333333,-2.445,-3.08166666666667,-3.015,-2.98,-3.80333333333333,-3.51,0.488333333333333,1.625,-0.181666666666667,-0.246666666666667,-3.32,-3.32,-2.1225,-2.1225,3.375,3.375,-2.36125,-2.36125,-3.30125,-3.30125,4.24125,4.24125,-3.165,-3.165,-3.0975,-3.0975,-1.83375,-1.83375,0.20625,0.20625,-3.5575,-3.5575,-1.82625,-1.82625,-0.675,-0.675,-2.47,-2.47,0.74625,0.74625,-3.16875,-3.16875,-2.485,-2.485,-2.96625,-2.96625,-3.95625,-3.95625,0.46125,0.46125,-0.3575,-0.3575,91.7109458023379,80.2752293577982,74.2826780021254,196.788990825688,102.763018065887,44.4954128440367,132.518597236982,29.0519877675841,88.7353878852285,96.6360856269113,84.0595111583422,39.9082568807339,76.1955366631243,74.3119266055046,92.0297555791711,83.9449541284404,66.5249734325186,95.2599388379205,74.9202975557917,19.4189602446483,151.859723698193,73.2415902140673,76.1955366631243,102.752293577982,127.736450584485,55.9633027522936,49.4155154091392,179.204892966361,82.6780021253985,44.0366972477064,110.520722635494,64.6788990825688,85.5472901168969,65.2905198776758,110.520722635494,33.3333333333333,89.2667375132837,132.110091743119,129.543039319872,72.3241590214067,109.776833156217,81.9571865443425,0,0,0,0,0,0,0,0,0,0,0,0,0,0,0,0,1,1,1,2,2,2,2,2,2,2,2,2,2,2,1,1,1,1,1,1,1,1,1,1,1,1
27,"North",1261,3,10.5,0.785714285714286,31,-3.26166666666667,-2.895,-1.92666666666667,-2.28666666666667,3.35666666666667,2.755,-2.79333333333333,-1.525,-3.58833333333333,0.0066666666666666,4.3,3.115,-2.87166666666667,-3.81666666666667,-3.045,-3.01166666666667,-1.74,-2.21166666666667,0.606666666666667,-1.03833333333333,-4.04333333333333,-2.05666666666667,-1.85,-2.105,-1.315,-0.015,-2.145,-3.71333333333333,0.37,0.103333333333333,-3.17666666666667,-2.93333333333333,-2.445,-3.08166666666667,-3.015,-2.98,-3.80333333333333,-3.51,0.488333333333333,1.625,-0.181666666666667,-0.246666666666667,-3.32,-3.32,-2.1225,-2.1225,3.375,3.375,-2.36125,-2.36125,-3.30125,-3.30125,4.24125,4.24125,-3.165,-3.165,-3.0975,-3.0975,-1.83375,-1.83375,0.20625,0.20625,-3.5575,-3.5575,-1.82625,-1.82625,-0.675,-0.675,-2.47,-2.47,0.74625,0.74625,-3.16875,-3.16875,-2.485,-2.485,-2.96625,-2.96625,-3.95625,-3.95625,0.46125,0.46125,-0.3575,-0.3575,91.7109458023379,80.2752293577982,74.2826780021254,196.788990825688,102.763018065887,44.4954128440367,132.518597236982,29.0519877675841,88.7353878852285,96.6360856269113,84.0595111583422,39.9082568807339,76.1955366631243,74.3119266055046,92.0297555791711,83.9449541284404,66.5249734325186,95.2599388379205,74.9202975557917,19.4189602446483,151.859723698193,73.2415902140673,76.1955366631243,102.752293577982,127.736450584485,55.9633027522936,49.4155154091392,179.204892966361,82.6780021253985,44.0366972477064,110.520722635494,64.6788990825688,85.5472901168969,65.2905198776758,110.520722635494,33.3333333333333,89.2667375132837,132.110091743119,129.543039319872,72.3241590214067,109.776833156217,81.9571865443425,0,0,0,0,0,0,0,0,0,0,0,0,0,0,0,0,1,1,1,2,2,2,2,2,2,2,2,2,2,2,1,1,1,1,1,1,1,1,1,1,1,1
28,"North",1280,4,10.34,0.928571428571429,31,-3.26166666666667,-2.895,-1.92666666666667,-2.28666666666667,3.35666666666667,2.755,-2.79333333333333,-1.525,-3.58833333333333,0.0066666666666666,4.3,3.115,-2.87166666666667,-3.81666666666667,-3.045,-3.01166666666667,-1.74,-2.21166666666667,0.606666666666667,-1.03833333333333,-4.04333333333333,-2.05666666666667,-1.85,-2.105,-1.315,-0.015,-2.145,-3.71333333333333,0.37,0.103333333333333,-3.17666666666667,-2.93333333333333,-2.445,-3.08166666666667,-3.015,-2.98,-3.80333333333333,-3.51,0.488333333333333,1.625,-0.181666666666667,-0.246666666666667,-3.32,-3.32,-2.1225,-2.1225,3.375,3.375,-2.36125,-2.36125,-3.30125,-3.30125,4.24125,4.24125,-3.165,-3.165,-3.0975,-3.0975,-1.83375,-1.83375,0.20625,0.20625,-3.5575,-3.5575,-1.82625,-1.82625,-0.675,-0.675,-2.47,-2.47,0.74625,0.74625,-3.16875,-3.16875,-2.485,-2.485,-2.96625,-2.96625,-3.95625,-3.95625,0.46125,0.46125,-0.3575,-0.3575,91.7109458023379,80.2752293577982,74.2826780021254,196.788990825688,102.763018065887,44.4954128440367,132.518597236982,29.0519877675841,88.7353878852285,96.6360856269113,84.0595111583422,39.9082568807339,76.1955366631243,74.3119266055046,92.0297555791711,83.9449541284404,66.5249734325186,95.2599388379205,74.9202975557917,19.4189602446483,151.859723698193,73.2415902140673,76.1955366631243,102.752293577982,127.736450584485,55.9633027522936,49.4155154091392,179.204892966361,82.6780021253985,44.0366972477064,110.520722635494,64.6788990825688,85.5472901168969,65.2905198776758,110.520722635494,33.3333333333333,89.2667375132837,132.110091743119,129.543039319872,72.3241590214067,109.776833156217,81.9571865443425,0,0,0,0,0,0,0,0,0,0,0,0,0,0,0,0,1,1,1,2,2,2,2,2,2,2,2,2,2,2,1,1,1,1,1,1,1,1,1,1,1,1
29,"North",1293,1,10.3,0.5,31,-3.26166666666667,-2.895,-1.92666666666667,-2.28666666666667,3.35666666666667,2.755,-2.79333333333333,-1.525,-3.58833333333333,0.0066666666666666,4.3,3.115,-2.87166666666667,-3.81666666666667,-3.045,-3.01166666666667,-1.74,-2.21166666666667,0.606666666666667,-1.03833333333333,-4.04333333333333,-2.05666666666667,-1.85,-2.105,-1.315,-0.015,-2.145,-3.71333333333333,0.37,0.103333333333333,-3.17666666666667,-2.93333333333333,-2.445,-3.08166666666667,-3.015,-2.98,-3.80333333333333,-3.51,0.488333333333333,1.625,-0.181666666666667,-0.246666666666667,-3.32,-3.32,-2.1225,-2.1225,3.375,3.375,-2.36125,-2.36125,-3.30125,-3.30125,4.24125,4.24125,-3.165,-3.165,-3.0975,-3.0975,-1.83375,-1.83375,0.20625,0.20625,-3.5575,-3.5575,-1.82625,-1.82625,-0.675,-0.675,-2.47,-2.47,0.74625,0.74625,-3.16875,-3.16875,-2.485,-2.485,-2.96625,-2.96625,-3.95625,-3.95625,0.46125,0.46125,-0.3575,-0.3575,91.7109458023379,80.2752293577982,74.2826780021254,196.788990825688,102.763018065887,44.4954128440367,132.518597236982,29.0519877675841,88.7353878852285,96.6360856269113,84.0595111583422,39.9082568807339,76.1955366631243,74.3119266055046,92.0297555791711,83.9449541284404,66.5249734325186,95.2599388379205,74.9202975557917,19.4189602446483,151.859723698193,73.2415902140673,76.1955366631243,102.752293577982,127.736450584485,55.9633027522936,49.4155154091392,179.204892966361,82.6780021253985,44.0366972477064,110.520722635494,64.6788990825688,85.5472901168969,65.2905198776758,110.520722635494,33.3333333333333,89.2667375132837,132.110091743119,129.543039319872,72.3241590214067,109.776833156217,81.9571865443425,0,0,0,0,0,0,0,0,0,0,0,0,0,0,0,0,1,1,1,2,2,2,2,2,2,2,2,2,2,2,1,1,1,1,1,1,1,1,1,1,1,1
30,"North",1319,2,9.91,1,31,-3.26166666666667,-2.895,-1.92666666666667,-2.28666666666667,3.35666666666667,2.755,-2.79333333333333,-1.525,-3.58833333333333,0.0066666666666666,4.3,3.115,-2.87166666666667,-3.81666666666667,-3.045,-3.01166666666667,-1.74,-2.21166666666667,0.606666666666667,-1.03833333333333,-4.04333333333333,-2.05666666666667,-1.85,-2.105,-1.315,-0.015,-2.145,-3.71333333333333,0.37,0.103333333333333,-3.17666666666667,-2.93333333333333,-2.445,-3.08166666666667,-3.015,-2.98,-3.80333333333333,-3.51,0.488333333333333,1.625,-0.181666666666667,-0.246666666666667,-3.32,-3.32,-2.1225,-2.1225,3.375,3.375,-2.36125,-2.36125,-3.30125,-3.30125,4.24125,4.24125,-3.165,-3.165,-3.0975,-3.0975,-1.83375,-1.83375,0.20625,0.20625,-3.5575,-3.5575,-1.82625,-1.82625,-0.675,-0.675,-2.47,-2.47,0.74625,0.74625,-3.16875,-3.16875,-2.485,-2.485,-2.96625,-2.96625,-3.95625,-3.95625,0.46125,0.46125,-0.3575,-0.3575,91.7109458023379,80.2752293577982,74.2826780021254,196.788990825688,102.763018065887,44.4954128440367,132.518597236982,29.0519877675841,88.7353878852285,96.6360856269113,84.0595111583422,39.9082568807339,76.1955366631243,74.3119266055046,92.0297555791711,83.9449541284404,66.5249734325186,95.2599388379205,74.9202975557917,19.4189602446483,151.859723698193,73.2415902140673,76.1955366631243,102.752293577982,127.736450584485,55.9633027522936,49.4155154091392,179.204892966361,82.6780021253985,44.0366972477064,110.520722635494,64.6788990825688,85.5472901168969,65.2905198776758,110.520722635494,33.3333333333333,89.2667375132837,132.110091743119,129.543039319872,72.3241590214067,109.776833156217,81.9571865443425,0,0,0,0,0,0,0,0,0,0,0,0,0,0,0,0,1,1,1,2,2,2,2,2,2,2,2,2,2,2,1,1,1,1,1,1,1,1,1,1,1,1
31,"North",1337,2,9.68,0.916666666666667,31,-3.26166666666667,-2.895,-1.92666666666667,-2.28666666666667,3.35666666666667,2.755,-2.79333333333333,-1.525,-3.58833333333333,0.0066666666666666,4.3,3.115,-2.87166666666667,-3.81666666666667,-3.045,-3.01166666666667,-1.74,-2.21166666666667,0.606666666666667,-1.03833333333333,-4.04333333333333,-2.05666666666667,-1.85,-2.105,-1.315,-0.015,-2.145,-3.71333333333333,0.37,0.103333333333333,-3.17666666666667,-2.93333333333333,-2.445,-3.08166666666667,-3.015,-2.98,-3.80333333333333,-3.51,0.488333333333333,1.625,-0.181666666666667,-0.246666666666667,-3.32,-3.32,-2.1225,-2.1225,3.375,3.375,-2.36125,-2.36125,-3.30125,-3.30125,4.24125,4.24125,-3.165,-3.165,-3.0975,-3.0975,-1.83375,-1.83375,0.20625,0.20625,-3.5575,-3.5575,-1.82625,-1.82625,-0.675,-0.675,-2.47,-2.47,0.74625,0.74625,-3.16875,-3.16875,-2.485,-2.485,-2.96625,-2.96625,-3.95625,-3.95625,0.46125,0.46125,-0.3575,-0.3575,91.7109458023379,80.2752293577982,74.2826780021254,196.788990825688,102.763018065887,44.4954128440367,132.518597236982,29.0519877675841,88.7353878852285,96.6360856269113,84.0595111583422,39.9082568807339,76.1955366631243,74.3119266055046,92.0297555791711,83.9449541284404,66.5249734325186,95.2599388379205,74.9202975557917,19.4189602446483,151.859723698193,73.2415902140673,76.1955366631243,102.752293577982,127.736450584485,55.9633027522936,49.4155154091392,179.204892966361,82.6780021253985,44.0366972477064,110.520722635494,64.6788990825688,85.5472901168969,65.2905198776758,110.520722635494,33.3333333333333,89.2667375132837,132.110091743119,129.543039319872,72.3241590214067,109.776833156217,81.9571865443425,0,0,0,0,0,0,0,0,0,0,0,0,0,0,0,0,1,1,1,2,2,2,2,2,2,2,2,2,2,2,1,1,1,1,1,1,1,1,1,1,1,1
32,"North",1359,2,9.55,1,31,-3.26166666666667,-2.895,-1.92666666666667,-2.28666666666667,3.35666666666667,2.755,-2.79333333333333,-1.525,-3.58833333333333,0.0066666666666666,4.3,3.115,-2.87166666666667,-3.81666666666667,-3.045,-3.01166666666667,-1.74,-2.21166666666667,0.606666666666667,-1.03833333333333,-4.04333333333333,-2.05666666666667,-1.85,-2.105,-1.315,-0.015,-2.145,-3.71333333333333,0.37,0.103333333333333,-3.17666666666667,-2.93333333333333,-2.445,-3.08166666666667,-3.015,-2.98,-3.80333333333333,-3.51,0.488333333333333,1.625,-0.181666666666667,-0.246666666666667,-3.32,-3.32,-2.1225,-2.1225,3.375,3.375,-2.36125,-2.36125,-3.30125,-3.30125,4.24125,4.24125,-3.165,-3.165,-3.0975,-3.0975,-1.83375,-1.83375,0.20625,0.20625,-3.5575,-3.5575,-1.82625,-1.82625,-0.675,-0.675,-2.47,-2.47,0.74625,0.74625,-3.16875,-3.16875,-2.485,-2.485,-2.96625,-2.96625,-3.95625,-3.95625,0.46125,0.46125,-0.3575,-0.3575,91.7109458023379,80.2752293577982,74.2826780021254,196.788990825688,102.763018065887,44.4954128440367,132.518597236982,29.0519877675841,88.7353878852285,96.6360856269113,84.0595111583422,39.9082568807339,76.1955366631243,74.3119266055046,92.0297555791711,83.9449541284404,66.5249734325186,95.2599388379205,74.9202975557917,19.4189602446483,151.859723698193,73.2415902140673,76.1955366631243,102.752293577982,127.736450584485,55.9633027522936,49.4155154091392,179.204892966361,82.6780021253985,44.0366972477064,110.520722635494,64.6788990825688,85.5472901168969,65.2905198776758,110.520722635494,33.3333333333333,89.2667375132837,132.110091743119,129.543039319872,72.3241590214067,109.776833156217,81.9571865443425,0,0,0,0,0,0,0,0,0,0,0,0,0,0,0,0,1,1,1,2,2,2,2,2,2,2,2,2,2,2,1,1,1,1,1,1,1,1,1,1,1,1
33,"North",873,2,10.56,0.1,31,-3.635,-3.07833333333333,-2.13833333333333,-2.72833333333333,3.185,3.04833333333333,-2.72,-1.51166666666667,-3.885,-0.095,4.01833333333333,2.79666666666667,-2.90833333333333,-3.78833333333333,-3.14166666666667,-3.11833333333333,-2.52,-3.08333333333333,-1.38833333333333,-1.92166666666667,-4.60166666666667,-2.33,-2.15,-2.32,-1.74,0.0416666666666667,-2.065,-3.70166666666667,-0.658333333333333,-0.251666666666667,-3.76666666666667,-3.31166666666667,-2.66166666666667,-3.32166666666667,-3.70833333333333,-3.57333333333333,-4.48666666666667,-4.08,1.505,2.08333333333333,-0.265,1.12333333333333,-3.67625,-3.67625,-2.395,-2.395,3.325,3.325,-2.29125,-2.29125,-3.54375,-3.54375,3.93125,3.93125,-3.19125,-3.19125,-3.22125,-3.22125,-2.6625,-2.6625,-1.4625,-1.4625,-4.0375,-4.0375,-2.12625,-2.12625,-0.9925,-0.9925,-2.4,-2.4,-0.15375,-0.15375,-3.75625,-3.75625,-2.715,-2.715,-3.67,-3.67,-4.64125,-4.64125,1.445,1.445,0.17625,0.17625,99.8664886515354,81.3588850174216,79.5727636849132,206.09756097561,122.963951935915,43.9024390243902,137.249666221629,27.5261324041812,85.8477970627503,95.8188153310105,92.7903871829105,39.198606271777,87.4499332443258,75.9581881533101,95.8611481975968,75.9581881533101,66.6221628838451,101.393728222997,82.7770360480641,16.7247386759582,163.951935914553,70.0348432055749,94.392523364486,86.7595818815331,115.754339118825,69.6864111498258,53.2710280373832,139.372822299652,92.3898531375167,31.5331010452962,123.765020026702,73.8675958188153,108.544726301736,60.801393728223,88.9185580774366,32.9268292682927,104.539385847797,130.313588850174,118.157543391188,74.9128919860627,140.45393858478,90.5923344947735,0,0,0,0,0,0,1,1,1,2,2,2,2,2,2,2,2,2,2,2,2,2,1,1,1,1,1,1,1,1,1,1,1,1,1,1,1,1,1,1,1,1
34,"North",885,2,10.41,0.15,31,-3.635,-3.07833333333333,-2.13833333333333,-2.72833333333333,3.185,3.04833333333333,-2.72,-1.51166666666667,-3.885,-0.095,4.01833333333333,2.79666666666667,-2.90833333333333,-3.78833333333333,-3.14166666666667,-3.11833333333333,-2.52,-3.08333333333333,-1.38833333333333,-1.92166666666667,-4.60166666666667,-2.33,-2.15,-2.32,-1.74,0.0416666666666667,-2.065,-3.70166666666667,-0.658333333333333,-0.251666666666667,-3.76666666666667,-3.31166666666667,-2.66166666666667,-3.32166666666667,-3.70833333333333,-3.57333333333333,-4.48666666666667,-4.08,1.505,2.08333333333333,-0.265,1.12333333333333,-3.67625,-3.67625,-2.395,-2.395,3.325,3.325,-2.29125,-2.29125,-3.54375,-3.54375,3.93125,3.93125,-3.19125,-3.19125,-3.22125,-3.22125,-2.6625,-2.6625,-1.4625,-1.4625,-4.0375,-4.0375,-2.12625,-2.12625,-0.9925,-0.9925,-2.4,-2.4,-0.15375,-0.15375,-3.75625,-3.75625,-2.715,-2.715,-3.67,-3.67,-4.64125,-4.64125,1.445,1.445,0.17625,0.17625,99.8664886515354,81.3588850174216,79.5727636849132,206.09756097561,122.963951935915,43.9024390243902,137.249666221629,27.5261324041812,85.8477970627503,95.8188153310105,92.7903871829105,39.198606271777,87.4499332443258,75.9581881533101,95.8611481975968,75.9581881533101,66.6221628838451,101.393728222997,82.7770360480641,16.7247386759582,163.951935914553,70.0348432055749,94.392523364486,86.7595818815331,115.754339118825,69.6864111498258,53.2710280373832,139.372822299652,92.3898531375167,31.5331010452962,123.765020026702,73.8675958188153,108.544726301736,60.801393728223,88.9185580774366,32.9268292682927,104.539385847797,130.313588850174,118.157543391188,74.9128919860627,140.45393858478,90.5923344947735,0,0,0,0,0,0,1,1,1,2,2,2,2,2,2,2,2,2,2,2,2,2,1,1,1,1,1,1,1,1,1,1,1,1,1,1,1,1,1,1,1,1
35,"North",920,16,6.72,0.727272727272727,31,-3.635,-3.07833333333333,-2.13833333333333,-2.72833333333333,3.185,3.04833333333333,-2.72,-1.51166666666667,-3.885,-0.095,4.01833333333333,2.79666666666667,-2.90833333333333,-3.78833333333333,-3.14166666666667,-3.11833333333333,-2.52,-3.08333333333333,-1.38833333333333,-1.92166666666667,-4.60166666666667,-2.33,-2.15,-2.32,-1.74,0.0416666666666667,-2.065,-3.70166666666667,-0.658333333333333,-0.251666666666667,-3.76666666666667,-3.31166666666667,-2.66166666666667,-3.32166666666667,-3.70833333333333,-3.57333333333333,-4.48666666666667,-4.08,1.505,2.08333333333333,-0.265,1.12333333333333,-3.67625,-3.67625,-2.395,-2.395,3.325,3.325,-2.29125,-2.29125,-3.54375,-3.54375,3.93125,3.93125,-3.19125,-3.19125,-3.22125,-3.22125,-2.6625,-2.6625,-1.4625,-1.4625,-4.0375,-4.0375,-2.12625,-2.12625,-0.9925,-0.9925,-2.4,-2.4,-0.15375,-0.15375,-3.75625,-3.75625,-2.715,-2.715,-3.67,-3.67,-4.64125,-4.64125,1.445,1.445,0.17625,0.17625,99.8664886515354,81.3588850174216,79.5727636849132,206.09756097561,122.963951935915,43.9024390243902,137.249666221629,27.5261324041812,85.8477970627503,95.8188153310105,92.7903871829105,39.198606271777,87.4499332443258,75.9581881533101,95.8611481975968,75.9581881533101,66.6221628838451,101.393728222997,82.7770360480641,16.7247386759582,163.951935914553,70.0348432055749,94.392523364486,86.7595818815331,115.754339118825,69.6864111498258,53.2710280373832,139.372822299652,92.3898531375167,31.5331010452962,123.765020026702,73.8675958188153,108.544726301736,60.801393728223,88.9185580774366,32.9268292682927,104.539385847797,130.313588850174,118.157543391188,74.9128919860627,140.45393858478,90.5923344947735,0,0,0,0,0,0,1,1,1,2,2,2,2,2,2,2,2,2,2,2,2,2,1,1,1,1,1,1,1,1,1,1,1,1,1,1,1,1,1,1,1,1
36,"North",959,5,6.35,0.818181818181818,31,-3.635,-3.07833333333333,-2.13833333333333,-2.72833333333333,3.185,3.04833333333333,-2.72,-1.51166666666667,-3.885,-0.095,4.01833333333333,2.79666666666667,-2.90833333333333,-3.78833333333333,-3.14166666666667,-3.11833333333333,-2.52,-3.08333333333333,-1.38833333333333,-1.92166666666667,-4.60166666666667,-2.33,-2.15,-2.32,-1.74,0.0416666666666667,-2.065,-3.70166666666667,-0.658333333333333,-0.251666666666667,-3.76666666666667,-3.31166666666667,-2.66166666666667,-3.32166666666667,-3.70833333333333,-3.57333333333333,-4.48666666666667,-4.08,1.505,2.08333333333333,-0.265,1.12333333333333,-3.67625,-3.67625,-2.395,-2.395,3.325,3.325,-2.29125,-2.29125,-3.54375,-3.54375,3.93125,3.93125,-3.19125,-3.19125,-3.22125,-3.22125,-2.6625,-2.6625,-1.4625,-1.4625,-4.0375,-4.0375,-2.12625,-2.12625,-0.9925,-0.9925,-2.4,-2.4,-0.15375,-0.15375,-3.75625,-3.75625,-2.715,-2.715,-3.67,-3.67,-4.64125,-4.64125,1.445,1.445,0.17625,0.17625,99.8664886515354,81.3588850174216,79.5727636849132,206.09756097561,122.963951935915,43.9024390243902,137.249666221629,27.5261324041812,85.8477970627503,95.8188153310105,92.7903871829105,39.198606271777,87.4499332443258,75.9581881533101,95.8611481975968,75.9581881533101,66.6221628838451,101.393728222997,82.7770360480641,16.7247386759582,163.951935914553,70.0348432055749,94.392523364486,86.7595818815331,115.754339118825,69.6864111498258,53.2710280373832,139.372822299652,92.3898531375167,31.5331010452962,123.765020026702,73.8675958188153,108.544726301736,60.801393728223,88.9185580774366,32.9268292682927,104.539385847797,130.313588850174,118.157543391188,74.9128919860627,140.45393858478,90.5923344947735,0,0,0,0,0,0,1,1,1,2,2,2,2,2,2,2,2,2,2,2,2,2,1,1,1,1,1,1,1,1,1,1,1,1,1,1,1,1,1,1,1,1
37,"North",985,1,5.73,0.19047619047619,31,-3.635,-3.07833333333333,-2.13833333333333,-2.72833333333333,3.185,3.04833333333333,-2.72,-1.51166666666667,-3.885,-0.095,4.01833333333333,2.79666666666667,-2.90833333333333,-3.78833333333333,-3.14166666666667,-3.11833333333333,-2.52,-3.08333333333333,-1.38833333333333,-1.92166666666667,-4.60166666666667,-2.33,-2.15,-2.32,-1.74,0.0416666666666667,-2.065,-3.70166666666667,-0.658333333333333,-0.251666666666667,-3.76666666666667,-3.31166666666667,-2.66166666666667,-3.32166666666667,-3.70833333333333,-3.57333333333333,-4.48666666666667,-4.08,1.505,2.08333333333333,-0.265,1.12333333333333,-3.67625,-3.67625,-2.395,-2.395,3.325,3.325,-2.29125,-2.29125,-3.54375,-3.54375,3.93125,3.93125,-3.19125,-3.19125,-3.22125,-3.22125,-2.6625,-2.6625,-1.4625,-1.4625,-4.0375,-4.0375,-2.12625,-2.12625,-0.9925,-0.9925,-2.4,-2.4,-0.15375,-0.15375,-3.75625,-3.75625,-2.715,-2.715,-3.67,-3.67,-4.64125,-4.64125,1.445,1.445,0.17625,0.17625,99.8664886515354,81.3588850174216,79.5727636849132,206.09756097561,122.963951935915,43.9024390243902,137.249666221629,27.5261324041812,85.8477970627503,95.8188153310105,92.7903871829105,39.198606271777,87.4499332443258,75.9581881533101,95.8611481975968,75.9581881533101,66.6221628838451,101.393728222997,82.7770360480641,16.7247386759582,163.951935914553,70.0348432055749,94.392523364486,86.7595818815331,115.754339118825,69.6864111498258,53.2710280373832,139.372822299652,92.3898531375167,31.5331010452962,123.765020026702,73.8675958188153,108.544726301736,60.801393728223,88.9185580774366,32.9268292682927,104.539385847797,130.313588850174,118.157543391188,74.9128919860627,140.45393858478,90.5923344947735,0,0,0,0,0,0,1,1,1,2,2,2,2,2,2,2,2,2,2,2,2,2,1,1,1,1,1,1,1,1,1,1,1,1,1,1,1,1,1,1,1,1
38,"North",992,1,2.78,0.227272727272727,31,-3.635,-3.07833333333333,-2.13833333333333,-2.72833333333333,3.185,3.04833333333333,-2.72,-1.51166666666667,-3.885,-0.095,4.01833333333333,2.79666666666667,-2.90833333333333,-3.78833333333333,-3.14166666666667,-3.11833333333333,-2.52,-3.08333333333333,-1.38833333333333,-1.92166666666667,-4.60166666666667,-2.33,-2.15,-2.32,-1.74,0.0416666666666667,-2.065,-3.70166666666667,-0.658333333333333,-0.251666666666667,-3.76666666666667,-3.31166666666667,-2.66166666666667,-3.32166666666667,-3.70833333333333,-3.57333333333333,-4.48666666666667,-4.08,1.505,2.08333333333333,-0.265,1.12333333333333,-3.67625,-3.67625,-2.395,-2.395,3.325,3.325,-2.29125,-2.29125,-3.54375,-3.54375,3.93125,3.93125,-3.19125,-3.19125,-3.22125,-3.22125,-2.6625,-2.6625,-1.4625,-1.4625,-4.0375,-4.0375,-2.12625,-2.12625,-0.9925,-0.9925,-2.4,-2.4,-0.15375,-0.15375,-3.75625,-3.75625,-2.715,-2.715,-3.67,-3.67,-4.64125,-4.64125,1.445,1.445,0.17625,0.17625,99.8664886515354,81.3588850174216,79.5727636849132,206.09756097561,122.963951935915,43.9024390243902,137.249666221629,27.5261324041812,85.8477970627503,95.8188153310105,92.7903871829105,39.198606271777,87.4499332443258,75.9581881533101,95.8611481975968,75.9581881533101,66.6221628838451,101.393728222997,82.7770360480641,16.7247386759582,163.951935914553,70.0348432055749,94.392523364486,86.7595818815331,115.754339118825,69.6864111498258,53.2710280373832,139.372822299652,92.3898531375167,31.5331010452962,123.765020026702,73.8675958188153,108.544726301736,60.801393728223,88.9185580774366,32.9268292682927,104.539385847797,130.313588850174,118.157543391188,74.9128919860627,140.45393858478,90.5923344947735,0,0,0,0,0,0,1,1,1,2,2,2,2,2,2,2,2,2,2,2,2,2,1,1,1,1,1,1,1,1,1,1,1,1,1,1,1,1,1,1,1,1
39,"North",915,1,2.25,0.647058823529412,31,-3.635,-3.07833333333333,-2.13833333333333,-2.72833333333333,3.185,3.04833333333333,-2.72,-1.51166666666667,-3.885,-0.095,4.01833333333333,2.79666666666667,-2.90833333333333,-3.78833333333333,-3.14166666666667,-3.11833333333333,-2.52,-3.08333333333333,-1.38833333333333,-1.92166666666667,-4.60166666666667,-2.33,-2.15,-2.32,-1.74,0.0416666666666667,-2.065,-3.70166666666667,-0.658333333333333,-0.251666666666667,-3.76666666666667,-3.31166666666667,-2.66166666666667,-3.32166666666667,-3.70833333333333,-3.57333333333333,-4.48666666666667,-4.08,1.505,2.08333333333333,-0.265,1.12333333333333,-3.67625,-3.67625,-2.395,-2.395,3.325,3.325,-2.29125,-2.29125,-3.54375,-3.54375,3.93125,3.93125,-3.19125,-3.19125,-3.22125,-3.22125,-2.6625,-2.6625,-1.4625,-1.4625,-4.0375,-4.0375,-2.12625,-2.12625,-0.9925,-0.9925,-2.4,-2.4,-0.15375,-0.15375,-3.75625,-3.75625,-2.715,-2.715,-3.67,-3.67,-4.64125,-4.64125,1.445,1.445,0.17625,0.17625,99.8664886515354,81.3588850174216,79.5727636849132,206.09756097561,122.963951935915,43.9024390243902,137.249666221629,27.5261324041812,85.8477970627503,95.8188153310105,92.7903871829105,39.198606271777,87.4499332443258,75.9581881533101,95.8611481975968,75.9581881533101,66.6221628838451,101.393728222997,82.7770360480641,16.7247386759582,163.951935914553,70.0348432055749,94.392523364486,86.7595818815331,115.754339118825,69.6864111498258,53.2710280373832,139.372822299652,92.3898531375167,31.5331010452962,123.765020026702,73.8675958188153,108.544726301736,60.801393728223,88.9185580774366,32.9268292682927,104.539385847797,130.313588850174,118.157543391188,74.9128919860627,140.45393858478,90.5923344947735,1,1,1,1,1,1,1,1,1,2,2,2,2,2,2,2,2,2,2,2,2,2,1,1,1,1,1,1,1,1,1,1,1,1,1,1,1,1,1,1,1,1
40,"North",930,2,2.22,0.117647058823529,31,-3.635,-3.07833333333333,-2.13833333333333,-2.72833333333333,3.185,3.04833333333333,-2.72,-1.51166666666667,-3.885,-0.095,4.01833333333333,2.79666666666667,-2.90833333333333,-3.78833333333333,-3.14166666666667,-3.11833333333333,-2.52,-3.08333333333333,-1.38833333333333,-1.92166666666667,-4.60166666666667,-2.33,-2.15,-2.32,-1.74,0.0416666666666667,-2.065,-3.70166666666667,-0.658333333333333,-0.251666666666667,-3.76666666666667,-3.31166666666667,-2.66166666666667,-3.32166666666667,-3.70833333333333,-3.57333333333333,-4.48666666666667,-4.08,1.505,2.08333333333333,-0.265,1.12333333333333,-3.67625,-3.67625,-2.395,-2.395,3.325,3.325,-2.29125,-2.29125,-3.54375,-3.54375,3.93125,3.93125,-3.19125,-3.19125,-3.22125,-3.22125,-2.6625,-2.6625,-1.4625,-1.4625,-4.0375,-4.0375,-2.12625,-2.12625,-0.9925,-0.9925,-2.4,-2.4,-0.15375,-0.15375,-3.75625,-3.75625,-2.715,-2.715,-3.67,-3.67,-4.64125,-4.64125,1.445,1.445,0.17625,0.17625,99.8664886515354,81.3588850174216,79.5727636849132,206.09756097561,122.963951935915,43.9024390243902,137.249666221629,27.5261324041812,85.8477970627503,95.8188153310105,92.7903871829105,39.198606271777,87.4499332443258,75.9581881533101,95.8611481975968,75.9581881533101,66.6221628838451,101.393728222997,82.7770360480641,16.7247386759582,163.951935914553,70.0348432055749,94.392523364486,86.7595818815331,115.754339118825,69.6864111498258,53.2710280373832,139.372822299652,92.3898531375167,31.5331010452962,123.765020026702,73.8675958188153,108.544726301736,60.801393728223,88.9185580774366,32.9268292682927,104.539385847797,130.313588850174,118.157543391188,74.9128919860627,140.45393858478,90.5923344947735,1,1,1,1,1,1,1,1,1,2,2,2,2,2,2,2,2,2,2,2,2,2,1,1,1,1,1,1,1,1,1,1,1,1,1,1,1,1,1,1,1,1
41,"North",942,1,2.02,0.277777777777778,31,-3.635,-3.07833333333333,-2.13833333333333,-2.72833333333333,3.185,3.04833333333333,-2.72,-1.51166666666667,-3.885,-0.095,4.01833333333333,2.79666666666667,-2.90833333333333,-3.78833333333333,-3.14166666666667,-3.11833333333333,-2.52,-3.08333333333333,-1.38833333333333,-1.92166666666667,-4.60166666666667,-2.33,-2.15,-2.32,-1.74,0.0416666666666667,-2.065,-3.70166666666667,-0.658333333333333,-0.251666666666667,-3.76666666666667,-3.31166666666667,-2.66166666666667,-3.32166666666667,-3.70833333333333,-3.57333333333333,-4.48666666666667,-4.08,1.505,2.08333333333333,-0.265,1.12333333333333,-3.67625,-3.67625,-2.395,-2.395,3.325,3.325,-2.29125,-2.29125,-3.54375,-3.54375,3.93125,3.93125,-3.19125,-3.19125,-3.22125,-3.22125,-2.6625,-2.6625,-1.4625,-1.4625,-4.0375,-4.0375,-2.12625,-2.12625,-0.9925,-0.9925,-2.4,-2.4,-0.15375,-0.15375,-3.75625,-3.75625,-2.715,-2.715,-3.67,-3.67,-4.64125,-4.64125,1.445,1.445,0.17625,0.17625,99.8664886515354,81.3588850174216,79.5727636849132,206.09756097561,122.963951935915,43.9024390243902,137.249666221629,27.5261324041812,85.8477970627503,95.8188153310105,92.7903871829105,39.198606271777,87.4499332443258,75.9581881533101,95.8611481975968,75.9581881533101,66.6221628838451,101.393728222997,82.7770360480641,16.7247386759582,163.951935914553,70.0348432055749,94.392523364486,86.7595818815331,115.754339118825,69.6864111498258,53.2710280373832,139.372822299652,92.3898531375167,31.5331010452962,123.765020026702,73.8675958188153,108.544726301736,60.801393728223,88.9185580774366,32.9268292682927,104.539385847797,130.313588850174,118.157543391188,74.9128919860627,140.45393858478,90.5923344947735,1,1,1,1,1,1,1,1,1,2,2,2,2,2,2,2,2,2,2,2,2,2,1,1,1,1,1,1,1,1,1,1,1,1,1,1,1,1,1,1,1,1
42,"North",975,3,1.97,0.411764705882353,31,-3.635,-3.07833333333333,-2.13833333333333,-2.72833333333333,3.185,3.04833333333333,-2.72,-1.51166666666667,-3.885,-0.095,4.01833333333333,2.79666666666667,-2.90833333333333,-3.78833333333333,-3.14166666666667,-3.11833333333333,-2.52,-3.08333333333333,-1.38833333333333,-1.92166666666667,-4.60166666666667,-2.33,-2.15,-2.32,-1.74,0.0416666666666667,-2.065,-3.70166666666667,-0.658333333333333,-0.251666666666667,-3.76666666666667,-3.31166666666667,-2.66166666666667,-3.32166666666667,-3.70833333333333,-3.57333333333333,-4.48666666666667,-4.08,1.505,2.08333333333333,-0.265,1.12333333333333,-3.67625,-3.67625,-2.395,-2.395,3.325,3.325,-2.29125,-2.29125,-3.54375,-3.54375,3.93125,3.93125,-3.19125,-3.19125,-3.22125,-3.22125,-2.6625,-2.6625,-1.4625,-1.4625,-4.0375,-4.0375,-2.12625,-2.12625,-0.9925,-0.9925,-2.4,-2.4,-0.15375,-0.15375,-3.75625,-3.75625,-2.715,-2.715,-3.67,-3.67,-4.64125,-4.64125,1.445,1.445,0.17625,0.17625,99.8664886515354,81.3588850174216,79.5727636849132,206.09756097561,122.963951935915,43.9024390243902,137.249666221629,27.5261324041812,85.8477970627503,95.8188153310105,92.7903871829105,39.198606271777,87.4499332443258,75.9581881533101,95.8611481975968,75.9581881533101,66.6221628838451,101.393728222997,82.7770360480641,16.7247386759582,163.951935914553,70.0348432055749,94.392523364486,86.7595818815331,115.754339118825,69.6864111498258,53.2710280373832,139.372822299652,92.3898531375167,31.5331010452962,123.765020026702,73.8675958188153,108.544726301736,60.801393728223,88.9185580774366,32.9268292682927,104.539385847797,130.313588850174,118.157543391188,74.9128919860627,140.45393858478,90.5923344947735,1,1,1,1,1,1,1,1,1,2,2,2,2,2,2,2,2,2,2,2,2,2,1,1,1,1,1,1,1,1,1,1,1,1,1,1,1,1,1,1,1,1
43,"North",898,1,2.12,0.294117647058824,31,-3.37666666666667,-3.12,-2.39833333333333,-3.03166666666667,3.28333333333333,3.88833333333333,-2.24166666666667,-1.52,-3.74333333333333,-0.33,4.705,3.63166666666667,-2.375,-3.51833333333333,-3.15166666666667,-3.04333333333333,-2.69666666666667,-3.40666666666667,-1.68833333333333,-1.93666666666667,-4.40333333333333,-2.1,-2.385,-2.675,-1.925,-1.14333333333333,-2.38666666666667,-3.98333333333333,0.256666666666667,0.185,-3.57,-3.09,-2.23833333333333,-2.50166666666667,-2.9,-3.36,-4.16166666666667,-3.305,1.19333333333333,2.94333333333333,0.743333333333333,-0.258333333333333,-3.50875,-3.50875,-2.65875,-2.65875,3.62125,3.62125,-1.96,-1.96,-3.5325,-3.5325,4.635,4.635,-2.7425,-2.7425,-3.22375,-3.22375,-2.8875,-2.8875,-1.71625,-1.71625,-3.81875,-3.81875,-2.40875,-2.40875,-1.64875,-1.64875,-2.72375,-2.72375,0.66375,0.66375,-3.585,-3.585,-2.15625,-2.15625,-3.0375,-3.0375,-4.21125,-4.21125,1.43,1.43,0.3875,0.3875,97.0074812967581,81.6188870151771,76.4339152119701,201.349072512648,119.077306733167,43.3389544688027,132.917705735661,27.8246205733558,84.9127182044888,95.7841483979764,92.0199501246883,39.460370994941,88.1546134663342,75.2107925801012,95.1371571072319,73.8617200674536,67.5810473815461,98.3136593591906,77.3067331670823,17.0320404721754,158.104738154613,69.9831365935919,90.1496259351621,88.3642495784148,120.822942643392,66.610455311973,53.7406483790524,137.942664418212,96.6334164588529,33.8954468802698,118.204488778055,71.6694772344014,102.493765586035,62.0573355817875,91.7705735660848,32.3777403035413,101.995012468828,136.762225969646,129.551122194514,75.5480607082631,138.902743142145,96.7959527824621,1,1,1,1,1,1,1,1,1,1,1,1,1,1,1,1,1,1,0,0,0,0,0,0,0,0,0,0,0,0,0,0,0,0,0,0,0,0,0,0,0,0
44,"North",961,4,2.07,0.777777777777778,31,-3.37666666666667,-3.12,-2.39833333333333,-3.03166666666667,3.28333333333333,3.88833333333333,-2.24166666666667,-1.52,-3.74333333333333,-0.33,4.705,3.63166666666667,-2.375,-3.51833333333333,-3.15166666666667,-3.04333333333333,-2.69666666666667,-3.40666666666667,-1.68833333333333,-1.93666666666667,-4.40333333333333,-2.1,-2.385,-2.675,-1.925,-1.14333333333333,-2.38666666666667,-3.98333333333333,0.256666666666667,0.185,-3.57,-3.09,-2.23833333333333,-2.50166666666667,-2.9,-3.36,-4.16166666666667,-3.305,1.19333333333333,2.94333333333333,0.743333333333333,-0.258333333333333,-3.50875,-3.50875,-2.65875,-2.65875,3.62125,3.62125,-1.96,-1.96,-3.5325,-3.5325,4.635,4.635,-2.7425,-2.7425,-3.22375,-3.22375,-2.8875,-2.8875,-1.71625,-1.71625,-3.81875,-3.81875,-2.40875,-2.40875,-1.64875,-1.64875,-2.72375,-2.72375,0.66375,0.66375,-3.585,-3.585,-2.15625,-2.15625,-3.0375,-3.0375,-4.21125,-4.21125,1.43,1.43,0.3875,0.3875,97.0074812967581,81.6188870151771,76.4339152119701,201.349072512648,119.077306733167,43.3389544688027,132.917705735661,27.8246205733558,84.9127182044888,95.7841483979764,92.0199501246883,39.460370994941,88.1546134663342,75.2107925801012,95.1371571072319,73.8617200674536,67.5810473815461,98.3136593591906,77.3067331670823,17.0320404721754,158.104738154613,69.9831365935919,90.1496259351621,88.3642495784148,120.822942643392,66.610455311973,53.7406483790524,137.942664418212,96.6334164588529,33.8954468802698,118.204488778055,71.6694772344014,102.493765586035,62.0573355817875,91.7705735660848,32.3777403035413,101.995012468828,136.762225969646,129.551122194514,75.5480607082631,138.902743142145,96.7959527824621,1,1,1,1,1,1,1,1,1,1,1,1,1,1,1,1,1,1,0,0,0,0,0,0,0,0,0,0,0,0,0,0,0,0,0,0,0,0,0,0,0,0
45,"North",985,6,2.03,0.736842105263158,31,-3.37666666666667,-3.12,-2.39833333333333,-3.03166666666667,3.28333333333333,3.88833333333333,-2.24166666666667,-1.52,-3.74333333333333,-0.33,4.705,3.63166666666667,-2.375,-3.51833333333333,-3.15166666666667,-3.04333333333333,-2.69666666666667,-3.40666666666667,-1.68833333333333,-1.93666666666667,-4.40333333333333,-2.1,-2.385,-2.675,-1.925,-1.14333333333333,-2.38666666666667,-3.98333333333333,0.256666666666667,0.185,-3.57,-3.09,-2.23833333333333,-2.50166666666667,-2.9,-3.36,-4.16166666666667,-3.305,1.19333333333333,2.94333333333333,0.743333333333333,-0.258333333333333,-3.50875,-3.50875,-2.65875,-2.65875,3.62125,3.62125,-1.96,-1.96,-3.5325,-3.5325,4.635,4.635,-2.7425,-2.7425,-3.22375,-3.22375,-2.8875,-2.8875,-1.71625,-1.71625,-3.81875,-3.81875,-2.40875,-2.40875,-1.64875,-1.64875,-2.72375,-2.72375,0.66375,0.66375,-3.585,-3.585,-2.15625,-2.15625,-3.0375,-3.0375,-4.21125,-4.21125,1.43,1.43,0.3875,0.3875,97.0074812967581,81.6188870151771,76.4339152119701,201.349072512648,119.077306733167,43.3389544688027,132.917705735661,27.8246205733558,84.9127182044888,95.7841483979764,92.0199501246883,39.460370994941,88.1546134663342,75.2107925801012,95.1371571072319,73.8617200674536,67.5810473815461,98.3136593591906,77.3067331670823,17.0320404721754,158.104738154613,69.9831365935919,90.1496259351621,88.3642495784148,120.822942643392,66.610455311973,53.7406483790524,137.942664418212,96.6334164588529,33.8954468802698,118.204488778055,71.6694772344014,102.493765586035,62.0573355817875,91.7705735660848,32.3777403035413,101.995012468828,136.762225969646,129.551122194514,75.5480607082631,138.902743142145,96.7959527824621,1,1,1,1,1,1,1,1,1,1,1,1,1,1,1,1,1,1,0,0,0,0,0,0,0,0,0,0,0,0,0,0,0,0,0,0,0,0,0,0,0,0
46,"North",1015,1,1.94,0.470588235294118,31,-3.37666666666667,-3.12,-2.39833333333333,-3.03166666666667,3.28333333333333,3.88833333333333,-2.24166666666667,-1.52,-3.74333333333333,-0.33,4.705,3.63166666666667,-2.375,-3.51833333333333,-3.15166666666667,-3.04333333333333,-2.69666666666667,-3.40666666666667,-1.68833333333333,-1.93666666666667,-4.40333333333333,-2.1,-2.385,-2.675,-1.925,-1.14333333333333,-2.38666666666667,-3.98333333333333,0.256666666666667,0.185,-3.57,-3.09,-2.23833333333333,-2.50166666666667,-2.9,-3.36,-4.16166666666667,-3.305,1.19333333333333,2.94333333333333,0.743333333333333,-0.258333333333333,-3.50875,-3.50875,-2.65875,-2.65875,3.62125,3.62125,-1.96,-1.96,-3.5325,-3.5325,4.635,4.635,-2.7425,-2.7425,-3.22375,-3.22375,-2.8875,-2.8875,-1.71625,-1.71625,-3.81875,-3.81875,-2.40875,-2.40875,-1.64875,-1.64875,-2.72375,-2.72375,0.66375,0.66375,-3.585,-3.585,-2.15625,-2.15625,-3.0375,-3.0375,-4.21125,-4.21125,1.43,1.43,0.3875,0.3875,97.0074812967581,81.6188870151771,76.4339152119701,201.349072512648,119.077306733167,43.3389544688027,132.917705735661,27.8246205733558,84.9127182044888,95.7841483979764,92.0199501246883,39.460370994941,88.1546134663342,75.2107925801012,95.1371571072319,73.8617200674536,67.5810473815461,98.3136593591906,77.3067331670823,17.0320404721754,158.104738154613,69.9831365935919,90.1496259351621,88.3642495784148,120.822942643392,66.610455311973,53.7406483790524,137.942664418212,96.6334164588529,33.8954468802698,118.204488778055,71.6694772344014,102.493765586035,62.0573355817875,91.7705735660848,32.3777403035413,101.995012468828,136.762225969646,129.551122194514,75.5480607082631,138.902743142145,96.7959527824621,1,1,1,1,1,1,1,1,1,1,1,1,1,1,1,1,1,1,0,0,0,0,0,0,0,0,0,0,0,0,0,0,0,0,0,0,0,0,0,0,0,0
47,"North",883,4,9.73,0.588235294117647,31,-3.635,-3.07833333333333,-2.13833333333333,-2.72833333333333,3.185,3.04833333333333,-2.72,-1.51166666666667,-3.885,-0.095,4.01833333333333,2.79666666666667,-2.90833333333333,-3.78833333333333,-3.14166666666667,-3.11833333333333,-2.52,-3.08333333333333,-1.38833333333333,-1.92166666666667,-4.60166666666667,-2.33,-2.15,-2.32,-1.74,0.0416666666666667,-2.065,-3.70166666666667,-0.658333333333333,-0.251666666666667,-3.76666666666667,-3.31166666666667,-2.66166666666667,-3.32166666666667,-3.70833333333333,-3.57333333333333,-4.48666666666667,-4.08,1.505,2.08333333333333,-0.265,1.12333333333333,-3.67625,-3.67625,-2.395,-2.395,3.325,3.325,-2.29125,-2.29125,-3.54375,-3.54375,3.93125,3.93125,-3.19125,-3.19125,-3.22125,-3.22125,-2.6625,-2.6625,-1.4625,-1.4625,-4.0375,-4.0375,-2.12625,-2.12625,-0.9925,-0.9925,-2.4,-2.4,-0.15375,-0.15375,-3.75625,-3.75625,-2.715,-2.715,-3.67,-3.67,-4.64125,-4.64125,1.445,1.445,0.17625,0.17625,94.6261682242991,81.9512195121951,75.4672897196262,200,116.822429906542,43.4146341463415,130.373831775701,27.3170731707317,85.8644859813084,95.609756097561,91.3551401869159,40.4878048780488,87.2663551401869,75.1219512195122,93.5747663551402,74.6341463414634,69.0420560747664,96.260162601626,73.5981308411215,17.0731707317073,153.738317757009,72.520325203252,86.4485981308411,88.130081300813,122.897196261682,64.2276422764228,53.1542056074766,137.235772357724,99.5327102803738,33.4959349593496,113.668224299065,69.9186991869919,98.9485981308411,61.6260162601626,94.8598130841121,31.7073170731707,97.7803738317757,141.951219512195,125.116822429907,75.2845528455285,140.070093457944,98.8617886178862,1,1,1,1,1,1,1,1,1,1,1,1,1,1,1,1,1,1,0,0,0,0,1,1,1,1,1,1,1,1,1,1,1,1,0,0,0,0,0,0,0,0
48,"North",903,1,9.67,0.533333333333333,31,-3.635,-3.07833333333333,-2.13833333333333,-2.72833333333333,3.185,3.04833333333333,-2.72,-1.51166666666667,-3.885,-0.095,4.01833333333333,2.79666666666667,-2.90833333333333,-3.78833333333333,-3.14166666666667,-3.11833333333333,-2.52,-3.08333333333333,-1.38833333333333,-1.92166666666667,-4.60166666666667,-2.33,-2.15,-2.32,-1.74,0.0416666666666667,-2.065,-3.70166666666667,-0.658333333333333,-0.251666666666667,-3.76666666666667,-3.31166666666667,-2.66166666666667,-3.32166666666667,-3.70833333333333,-3.57333333333333,-4.48666666666667,-4.08,1.505,2.08333333333333,-0.265,1.12333333333333,-3.67625,-3.67625,-2.395,-2.395,3.325,3.325,-2.29125,-2.29125,-3.54375,-3.54375,3.93125,3.93125,-3.19125,-3.19125,-3.22125,-3.22125,-2.6625,-2.6625,-1.4625,-1.4625,-4.0375,-4.0375,-2.12625,-2.12625,-0.9925,-0.9925,-2.4,-2.4,-0.15375,-0.15375,-3.75625,-3.75625,-2.715,-2.715,-3.67,-3.67,-4.64125,-4.64125,1.445,1.445,0.17625,0.17625,94.6261682242991,81.9512195121951,75.4672897196262,200,116.822429906542,43.4146341463415,130.373831775701,27.3170731707317,85.8644859813084,95.609756097561,91.3551401869159,40.4878048780488,87.2663551401869,75.1219512195122,93.5747663551402,74.6341463414634,69.0420560747664,96.260162601626,73.5981308411215,17.0731707317073,153.738317757009,72.520325203252,86.4485981308411,88.130081300813,122.897196261682,64.2276422764228,53.1542056074766,137.235772357724,99.5327102803738,33.4959349593496,113.668224299065,69.9186991869919,98.9485981308411,61.6260162601626,94.8598130841121,31.7073170731707,97.7803738317757,141.951219512195,125.116822429907,75.2845528455285,140.070093457944,98.8617886178862,1,1,1,1,1,1,1,1,1,1,1,1,1,1,1,1,1,1,0,0,0,0,1,1,1,1,1,1,1,1,1,1,1,1,0,0,0,0,0,0,0,0
49,"North",928,9,9.57,1,31,-3.635,-3.07833333333333,-2.13833333333333,-2.72833333333333,3.185,3.04833333333333,-2.72,-1.51166666666667,-3.885,-0.095,4.01833333333333,2.79666666666667,-2.90833333333333,-3.78833333333333,-3.14166666666667,-3.11833333333333,-2.52,-3.08333333333333,-1.38833333333333,-1.92166666666667,-4.60166666666667,-2.33,-2.15,-2.32,-1.74,0.0416666666666667,-2.065,-3.70166666666667,-0.658333333333333,-0.251666666666667,-3.76666666666667,-3.31166666666667,-2.66166666666667,-3.32166666666667,-3.70833333333333,-3.57333333333333,-4.48666666666667,-4.08,1.505,2.08333333333333,-0.265,1.12333333333333,-3.67625,-3.67625,-2.395,-2.395,3.325,3.325,-2.29125,-2.29125,-3.54375,-3.54375,3.93125,3.93125,-3.19125,-3.19125,-3.22125,-3.22125,-2.6625,-2.6625,-1.4625,-1.4625,-4.0375,-4.0375,-2.12625,-2.12625,-0.9925,-0.9925,-2.4,-2.4,-0.15375,-0.15375,-3.75625,-3.75625,-2.715,-2.715,-3.67,-3.67,-4.64125,-4.64125,1.445,1.445,0.17625,0.17625,94.6261682242991,81.9512195121951,75.4672897196262,200,116.822429906542,43.4146341463415,130.373831775701,27.3170731707317,85.8644859813084,95.609756097561,91.3551401869159,40.4878048780488,87.2663551401869,75.1219512195122,93.5747663551402,74.6341463414634,69.0420560747664,96.260162601626,73.5981308411215,17.0731707317073,153.738317757009,72.520325203252,86.4485981308411,88.130081300813,122.897196261682,64.2276422764228,53.1542056074766,137.235772357724,99.5327102803738,33.4959349593496,113.668224299065,69.9186991869919,98.9485981308411,61.6260162601626,94.8598130841121,31.7073170731707,97.7803738317757,141.951219512195,125.116822429907,75.2845528455285,140.070093457944,98.8617886178862,1,1,1,1,1,1,1,1,1,1,1,1,1,1,1,1,1,1,0,0,0,0,1,1,1,1,1,1,1,1,1,1,1,1,0,0,0,0,0,0,0,0
50,"North",958,11,9.3,0.888888888888889,31,-3.635,-3.07833333333333,-2.13833333333333,-2.72833333333333,3.185,3.04833333333333,-2.72,-1.51166666666667,-3.885,-0.095,4.01833333333333,2.79666666666667,-2.90833333333333,-3.78833333333333,-3.14166666666667,-3.11833333333333,-2.52,-3.08333333333333,-1.38833333333333,-1.92166666666667,-4.60166666666667,-2.33,-2.15,-2.32,-1.74,0.0416666666666667,-2.065,-3.70166666666667,-0.658333333333333,-0.251666666666667,-3.76666666666667,-3.31166666666667,-2.66166666666667,-3.32166666666667,-3.70833333333333,-3.57333333333333,-4.48666666666667,-4.08,1.505,2.08333333333333,-0.265,1.12333333333333,-3.67625,-3.67625,-2.395,-2.395,3.325,3.325,-2.29125,-2.29125,-3.54375,-3.54375,3.93125,3.93125,-3.19125,-3.19125,-3.22125,-3.22125,-2.6625,-2.6625,-1.4625,-1.4625,-4.0375,-4.0375,-2.12625,-2.12625,-0.9925,-0.9925,-2.4,-2.4,-0.15375,-0.15375,-3.75625,-3.75625,-2.715,-2.715,-3.67,-3.67,-4.64125,-4.64125,1.445,1.445,0.17625,0.17625,94.6261682242991,81.9512195121951,75.4672897196262,200,116.822429906542,43.4146341463415,130.373831775701,27.3170731707317,85.8644859813084,95.609756097561,91.3551401869159,40.4878048780488,87.2663551401869,75.1219512195122,93.5747663551402,74.6341463414634,69.0420560747664,96.260162601626,73.5981308411215,17.0731707317073,153.738317757009,72.520325203252,86.4485981308411,88.130081300813,122.897196261682,64.2276422764228,53.1542056074766,137.235772357724,99.5327102803738,33.4959349593496,113.668224299065,69.9186991869919,98.9485981308411,61.6260162601626,94.8598130841121,31.7073170731707,97.7803738317757,141.951219512195,125.116822429907,75.2845528455285,140.070093457944,98.8617886178862,1,1,1,1,1,1,1,1,1,1,1,1,1,1,1,1,1,1,0,0,0,0,1,1,1,1,1,1,1,1,1,1,1,1,0,0,0,0,0,0,0,0
51,"North",987,2,8.81,0.411764705882353,31,-3.635,-3.07833333333333,-2.13833333333333,-2.72833333333333,3.185,3.04833333333333,-2.72,-1.51166666666667,-3.885,-0.095,4.01833333333333,2.79666666666667,-2.90833333333333,-3.78833333333333,-3.14166666666667,-3.11833333333333,-2.52,-3.08333333333333,-1.38833333333333,-1.92166666666667,-4.60166666666667,-2.33,-2.15,-2.32,-1.74,0.0416666666666667,-2.065,-3.70166666666667,-0.658333333333333,-0.251666666666667,-3.76666666666667,-3.31166666666667,-2.66166666666667,-3.32166666666667,-3.70833333333333,-3.57333333333333,-4.48666666666667,-4.08,1.505,2.08333333333333,-0.265,1.12333333333333,-3.67625,-3.67625,-2.395,-2.395,3.325,3.325,-2.29125,-2.29125,-3.54375,-3.54375,3.93125,3.93125,-3.19125,-3.19125,-3.22125,-3.22125,-2.6625,-2.6625,-1.4625,-1.4625,-4.0375,-4.0375,-2.12625,-2.12625,-0.9925,-0.9925,-2.4,-2.4,-0.15375,-0.15375,-3.75625,-3.75625,-2.715,-2.715,-3.67,-3.67,-4.64125,-4.64125,1.445,1.445,0.17625,0.17625,94.6261682242991,81.9512195121951,75.4672897196262,200,116.822429906542,43.4146341463415,130.373831775701,27.3170731707317,85.8644859813084,95.609756097561,91.3551401869159,40.4878048780488,87.2663551401869,75.1219512195122,93.5747663551402,74.6341463414634,69.0420560747664,96.260162601626,73.5981308411215,17.0731707317073,153.738317757009,72.520325203252,86.4485981308411,88.130081300813,122.897196261682,64.2276422764228,53.1542056074766,137.235772357724,99.5327102803738,33.4959349593496,113.668224299065,69.9186991869919,98.9485981308411,61.6260162601626,94.8598130841121,31.7073170731707,97.7803738317757,141.951219512195,125.116822429907,75.2845528455285,140.070093457944,98.8617886178862,1,1,1,1,1,1,1,1,1,1,1,1,1,1,1,1,1,1,0,0,0,0,1,1,1,1,1,1,1,1,1,1,1,1,0,0,0,0,0,0,0,0
52,"North",1014,9,8.77,0.944444444444444,31,-3.635,-3.07833333333333,-2.13833333333333,-2.72833333333333,3.185,3.04833333333333,-2.72,-1.51166666666667,-3.885,-0.095,4.01833333333333,2.79666666666667,-2.90833333333333,-3.78833333333333,-3.14166666666667,-3.11833333333333,-2.52,-3.08333333333333,-1.38833333333333,-1.92166666666667,-4.60166666666667,-2.33,-2.15,-2.32,-1.74,0.0416666666666667,-2.065,-3.70166666666667,-0.658333333333333,-0.251666666666667,-3.76666666666667,-3.31166666666667,-2.66166666666667,-3.32166666666667,-3.70833333333333,-3.57333333333333,-4.48666666666667,-4.08,1.505,2.08333333333333,-0.265,1.12333333333333,-3.67625,-3.67625,-2.395,-2.395,3.325,3.325,-2.29125,-2.29125,-3.54375,-3.54375,3.93125,3.93125,-3.19125,-3.19125,-3.22125,-3.22125,-2.6625,-2.6625,-1.4625,-1.4625,-4.0375,-4.0375,-2.12625,-2.12625,-0.9925,-0.9925,-2.4,-2.4,-0.15375,-0.15375,-3.75625,-3.75625,-2.715,-2.715,-3.67,-3.67,-4.64125,-4.64125,1.445,1.445,0.17625,0.17625,94.6261682242991,81.9512195121951,75.4672897196262,200,116.822429906542,43.4146341463415,130.373831775701,27.3170731707317,85.8644859813084,95.609756097561,91.3551401869159,40.4878048780488,87.2663551401869,75.1219512195122,93.5747663551402,74.6341463414634,69.0420560747664,96.260162601626,73.5981308411215,17.0731707317073,153.738317757009,72.520325203252,86.4485981308411,88.130081300813,122.897196261682,64.2276422764228,53.1542056074766,137.235772357724,99.5327102803738,33.4959349593496,113.668224299065,69.9186991869919,98.9485981308411,61.6260162601626,94.8598130841121,31.7073170731707,97.7803738317757,141.951219512195,125.116822429907,75.2845528455285,140.070093457944,98.8617886178862,1,1,1,1,1,1,1,1,1,1,1,1,1,1,1,1,1,1,0,0,0,0,1,1,1,1,1,1,1,1,1,1,1,1,0,0,0,0,0,0,0,0
53,"North",1098,5,8.12,1,31,-3.635,-3.07833333333333,-2.13833333333333,-2.72833333333333,3.185,3.04833333333333,-2.72,-1.51166666666667,-3.885,-0.095,4.01833333333333,2.79666666666667,-2.90833333333333,-3.78833333333333,-3.14166666666667,-3.11833333333333,-2.52,-3.08333333333333,-1.38833333333333,-1.92166666666667,-4.60166666666667,-2.33,-2.15,-2.32,-1.74,0.0416666666666667,-2.065,-3.70166666666667,-0.658333333333333,-0.251666666666667,-3.76666666666667,-3.31166666666667,-2.66166666666667,-3.32166666666667,-3.70833333333333,-3.57333333333333,-4.48666666666667,-4.08,1.505,2.08333333333333,-0.265,1.12333333333333,-3.67625,-3.67625,-2.395,-2.395,3.325,3.325,-2.29125,-2.29125,-3.54375,-3.54375,3.93125,3.93125,-3.19125,-3.19125,-3.22125,-3.22125,-2.6625,-2.6625,-1.4625,-1.4625,-4.0375,-4.0375,-2.12625,-2.12625,-0.9925,-0.9925,-2.4,-2.4,-0.15375,-0.15375,-3.75625,-3.75625,-2.715,-2.715,-3.67,-3.67,-4.64125,-4.64125,1.445,1.445,0.17625,0.17625,94.6261682242991,81.9512195121951,75.4672897196262,200,116.822429906542,43.4146341463415,130.373831775701,27.3170731707317,85.8644859813084,95.609756097561,91.3551401869159,40.4878048780488,87.2663551401869,75.1219512195122,93.5747663551402,74.6341463414634,69.0420560747664,96.260162601626,73.5981308411215,17.0731707317073,153.738317757009,72.520325203252,86.4485981308411,88.130081300813,122.897196261682,64.2276422764228,53.1542056074766,137.235772357724,99.5327102803738,33.4959349593496,113.668224299065,69.9186991869919,98.9485981308411,61.6260162601626,94.8598130841121,31.7073170731707,97.7803738317757,141.951219512195,125.116822429907,75.2845528455285,140.070093457944,98.8617886178862,1,1,1,1,1,1,1,1,1,1,1,1,1,1,1,1,1,1,0,0,0,0,1,1,1,1,1,1,1,1,1,1,1,1,0,0,0,0,0,0,0,0
54,"North",1142,1,7.79,1,31,-3.635,-3.07833333333333,-2.13833333333333,-2.72833333333333,3.185,3.04833333333333,-2.72,-1.51166666666667,-3.885,-0.095,4.01833333333333,2.79666666666667,-2.90833333333333,-3.78833333333333,-3.14166666666667,-3.11833333333333,-2.52,-3.08333333333333,-1.38833333333333,-1.92166666666667,-4.60166666666667,-2.33,-2.15,-2.32,-1.74,0.0416666666666667,-2.065,-3.70166666666667,-0.658333333333333,-0.251666666666667,-3.76666666666667,-3.31166666666667,-2.66166666666667,-3.32166666666667,-3.70833333333333,-3.57333333333333,-4.48666666666667,-4.08,1.505,2.08333333333333,-0.265,1.12333333333333,-3.67625,-3.67625,-2.395,-2.395,3.325,3.325,-2.29125,-2.29125,-3.54375,-3.54375,3.93125,3.93125,-3.19125,-3.19125,-3.22125,-3.22125,-2.6625,-2.6625,-1.4625,-1.4625,-4.0375,-4.0375,-2.12625,-2.12625,-0.9925,-0.9925,-2.4,-2.4,-0.15375,-0.15375,-3.75625,-3.75625,-2.715,-2.715,-3.67,-3.67,-4.64125,-4.64125,1.445,1.445,0.17625,0.17625,94.6261682242991,81.9512195121951,75.4672897196262,200,116.822429906542,43.4146341463415,130.373831775701,27.3170731707317,85.8644859813084,95.609756097561,91.3551401869159,40.4878048780488,87.2663551401869,75.1219512195122,93.5747663551402,74.6341463414634,69.0420560747664,96.260162601626,73.5981308411215,17.0731707317073,153.738317757009,72.520325203252,86.4485981308411,88.130081300813,122.897196261682,64.2276422764228,53.1542056074766,137.235772357724,99.5327102803738,33.4959349593496,113.668224299065,69.9186991869919,98.9485981308411,61.6260162601626,94.8598130841121,31.7073170731707,97.7803738317757,141.951219512195,125.116822429907,75.2845528455285,140.070093457944,98.8617886178862,1,1,1,1,1,1,1,1,1,1,1,1,1,1,1,1,1,1,0,0,0,0,1,1,1,1,1,1,1,1,1,1,1,1,0,0,0,0,0,0,0,0
55,"North",1220,11,7.68,1,31,-3.635,-3.07833333333333,-2.13833333333333,-2.72833333333333,3.185,3.04833333333333,-2.72,-1.51166666666667,-3.885,-0.095,4.01833333333333,2.79666666666667,-2.90833333333333,-3.78833333333333,-3.14166666666667,-3.11833333333333,-2.52,-3.08333333333333,-1.38833333333333,-1.92166666666667,-4.60166666666667,-2.33,-2.15,-2.32,-1.74,0.0416666666666667,-2.065,-3.70166666666667,-0.658333333333333,-0.251666666666667,-3.76666666666667,-3.31166666666667,-2.66166666666667,-3.32166666666667,-3.70833333333333,-3.57333333333333,-4.48666666666667,-4.08,1.505,2.08333333333333,-0.265,1.12333333333333,-3.67625,-3.67625,-2.395,-2.395,3.325,3.325,-2.29125,-2.29125,-3.54375,-3.54375,3.93125,3.93125,-3.19125,-3.19125,-3.22125,-3.22125,-2.6625,-2.6625,-1.4625,-1.4625,-4.0375,-4.0375,-2.12625,-2.12625,-0.9925,-0.9925,-2.4,-2.4,-0.15375,-0.15375,-3.75625,-3.75625,-2.715,-2.715,-3.67,-3.67,-4.64125,-4.64125,1.445,1.445,0.17625,0.17625,94.6261682242991,81.9512195121951,75.4672897196262,200,116.822429906542,43.4146341463415,130.373831775701,27.3170731707317,85.8644859813084,95.609756097561,91.3551401869159,40.4878048780488,87.2663551401869,75.1219512195122,93.5747663551402,74.6341463414634,69.0420560747664,96.260162601626,73.5981308411215,17.0731707317073,153.738317757009,72.520325203252,86.4485981308411,88.130081300813,122.897196261682,64.2276422764228,53.1542056074766,137.235772357724,99.5327102803738,33.4959349593496,113.668224299065,69.9186991869919,98.9485981308411,61.6260162601626,94.8598130841121,31.7073170731707,97.7803738317757,141.951219512195,125.116822429907,75.2845528455285,140.070093457944,98.8617886178862,1,1,1,1,1,1,1,1,1,1,1,1,1,1,1,1,1,1,0,0,0,0,1,1,1,1,1,1,1,1,1,1,1,1,0,0,0,0,0,0,0,0
